Threshold sweep: 4 thresholds x 50 runs = 200
Model is not converging.  Current: 197.95453728263055 is not greater than 212.9348849280572. Delta is -14.980347645426633
Model is not converging.  Current: 197.95453728263055 is not greater than 212.9348849280572. Delta is -14.980347645426633
Model is not converging.  Current: 317.78680169357455 is not greater than 317.78680316689935. Delta is -1.4733248008269584e-06
Model is not converging.  Current: 321.8557202092416 is not greater than 321.85572094565197. Delta is -7.364103566942504e-07
Model is not converging.  Current: 305.87859040596555 is not greater than 305.8785905695878. Delta is -1.6362224641852663e-07
Model is not converging.  Current: 222.9763459420425 is not greater than 222.9763761812864. Delta is -3.0239243898222412e-05
Model is not converging.  Current: 213.67534871577922 is not greater than 213.67694678698854. Delta is -0.0015980712093153215
Model is not converging.  Current: 213.70763317277112 is not greater than 213.70820711499778. Delta is -0.0005739422266515248
Model is not converging.  Current: 216.12278714461118 is not greater than 216.12333406731804. Delta is -0.0005469227068601867
Model is not converging.  Current: 251.3424304811818 is not greater than 251.34243081283745. Delta is -3.316556558274897e-07
Model is not converging.  Current: 325.17657674081914 is not greater than 325.18253756887856. Delta is -0.00596082805941478
Model is not converging.  Current: 159.74186888033222 is not greater than 159.76275136157665. Delta is -0.02088248124442771
Model is not converging.  Current: 202.88877214403294 is not greater than 202.8892752547137. Delta is -0.0005031106807678043
Model is not converging.  Current: 317.1537798492538 is not greater than 317.1537799080088. Delta is -5.875500619367813e-08
Model is not converging.  Current: 210.70860248784564 is not greater than 210.7097537369574. Delta is -0.0011512491117571244
Model is not converging.  Current: 225.7478787375442 is not greater than 225.74946779945498. Delta is -0.0015890619107779003
Model is not converging.  Current: 236.65381880261626 is not greater than 236.65526850970056. Delta is -0.0014497070843049187
Model is not converging.  Current: 217.36450806045784 is not greater than 217.36454895040112. Delta is -4.088994327844375e-05
Model is not converging.  Current: 216.21395069608133 is not greater than 216.21399759899506. Delta is -4.690291373776745e-05
Model is not converging.  Current: 182.0869202214292 is not greater than 182.0872281664355. Delta is -0.00030794500628417154
Model is not converging.  Current: 127.4196302441139 is not greater than 127.43363188660496. Delta is -0.014001642491052735
Model is not converging.  Current: 208.0879880107871 is not greater than 208.08799484229806. Delta is -6.8315109729155665e-06
Model is not converging.  Current: 198.29221161165862 is not greater than 198.29225361128977. Delta is -4.1999631150702044e-05
Model is not converging.  Current: 200.56039172325694 is not greater than 200.56045594818497. Delta is -6.422492802471425e-05
Model is not converging.  Current: 155.76309855241362 is not greater than 155.76315166712683. Delta is -5.311471321078898e-05
Model is not converging.  Current: 211.46500424745935 is not greater than 211.4653300215842. Delta is -0.0003257741248603452
Model is not converging.  Current: 123.53226755467372 is not greater than 123.53362870317659. Delta is -0.0013611485028661718
Model is not converging.  Current: 223.33325505963484 is not greater than 223.33587366626654. Delta is -0.0026186066316995493
Model is not converging.  Current: 242.69923998022549 is not greater than 242.69924534910325. Delta is -5.368877765477009e-06
Model is not converging.  Current: 126.08292997574915 is not greater than 126.1093738760679. Delta is -0.02644390031875332
Model is not converging.  Current: 130.36235756437307 is not greater than 130.36977389919537. Delta is -0.007416334822295312
Model is not converging.  Current: 183.7125876840816 is not greater than 183.71258851729766. Delta is -8.332160632562591e-07
Model is not converging.  Current: 122.43993579384625 is not greater than 122.46637709660477. Delta is -0.02644130275852774
Model is not converging.  Current: 196.9013403657009 is not greater than 196.90220515094154. Delta is -0.0008647852406511447
Model is not converging.  Current: 128.19056323635843 is not greater than 128.22269492963636. Delta is -0.03213169327793253
Model is not converging.  Current: 254.2402408972351 is not greater than 254.2402534777167. Delta is -1.2580481580926062e-05
Model is not converging.  Current: 115.54313913240951 is not greater than 115.5498700042375. Delta is -0.0067308718279974755
Model is not converging.  Current: 116.85393391075438 is not greater than 116.85976060659779. Delta is -0.005826695843410334
Model is not converging.  Current: 196.3961306617026 is not greater than 196.39614016292242. Delta is -9.50121980736185e-06
Model is not converging.  Current: 202.17358116293983 is not greater than 202.17363635977105. Delta is -5.5196831226567156e-05
Model is not converging.  Current: 246.71918767315145 is not greater than 246.73250596911535. Delta is -0.013318295963898663
Model is not converging.  Current: 123.80786676359504 is not greater than 123.91252927469499. Delta is -0.10466251109994573
Model is not converging.  Current: 229.3606660136747 is not greater than 229.3617662100828. Delta is -0.0011001964081174265
Model is not converging.  Current: 302.46583404601006 is not greater than 302.54907563705956. Delta is -0.08324159104950013
Model is not converging.  Current: 123.59208709423173 is not greater than 123.59357496695185. Delta is -0.0014878727201192987
Model is not converging.  Current: 188.879948688114 is not greater than 188.8904150705778. Delta is -0.010466382463789614
Model is not converging.  Current: 114.21635580262962 is not greater than 114.2330108469932. Delta is -0.016655044363574234
Model is not converging.  Current: 124.67372774950587 is not greater than 124.67998152537879. Delta is -0.006253775872920642
Model is not converging.  Current: 202.62440698331213 is not greater than 202.62458712213686. Delta is -0.00018013882473155718
Model is not converging.  Current: 221.11179311371447 is not greater than 221.11195993533477. Delta is -0.00016682162029724168
Model is not converging.  Current: 225.83401575472323 is not greater than 225.8340577831923. Delta is -4.2028469067645347e-05
Model is not converging.  Current: 218.061922947127 is not greater than 218.06352685691837. Delta is -0.0016039097913846945
Model is not converging.  Current: 117.47247869850766 is not greater than 117.47380377995174. Delta is -0.0013250814440795011
HMM state mapping: {0: 'volatile', 1: 'trending', 2: 'mean_reverting'}
Emission means:
[[0. 0. 0. 0.]
 [0. 0. 0. 0.]
 [0. 0. 0. 0.]]
[RiskManager] Veto at session 21: low_confidence = 0.3333
HMM state mapping: {0: 'volatile', 2: 'trending', 1: 'mean_reverting'}
Emission means:
[[ 4.37656219e-03  1.12900032e-01  8.67139022e-01 -3.11179311e-01]
 [ 4.15389233e-83  4.47491480e-82  4.46260205e-81  2.77937745e-83]
 [-3.68572891e-03  3.19577295e-02  3.08107461e-01 -5.35603001e-02]]
[MetaLearner] Retrained at session 19 (error_rate=0.27)
HMM state mapping: {1: 'volatile', 2: 'trending', 0: 'mean_reverting'}
Emission means:
[[ 3.36839958e-57  2.88229188e-55  2.62623548e-54 -5.48733269e-55]
 [ 4.37656219e-03  1.12900032e-01  8.67139022e-01 -3.11179311e-01]
 [-6.53002377e-03  3.21766147e-02  3.19404043e-01 -7.02200438e-02]]
[MetaLearner] Retrained at session 29 (error_rate=0.93)
[RiskManager] Veto at session 57: high_volatility = 0.3708
HMM state mapping: {1: 'volatile', 0: 'trending', 2: 'mean_reverting'}
Emission means:
[[ 2.90833395e-02  3.03484247e-02  3.37205975e-01 -7.65934402e-02]
 [ 4.37656219e-03  1.12900032e-01  8.67139022e-01 -3.11179311e-01]
 [ 9.67532132e-39  1.04237131e-37  1.03949672e-36  6.45933283e-39]]
[MetaLearner] Retrained at session 39 (error_rate=0.87)
[RiskManager] Veto at session 63: high_volatility = 0.3069
HMM state mapping: {2: 'volatile', 0: 'trending', 1: 'mean_reverting'}
Emission means:
[[ 2.90833395e-02  3.03484247e-02  3.37205975e-01 -7.65934402e-02]
 [ 4.56690279e-35  4.92060520e-34  4.90699113e-33  3.03906836e-35]
 [ 6.67690163e-03  1.11685452e-01  8.71075642e-01 -2.97524580e-01]]
[MetaLearner] Retrained at session 49 (error_rate=0.67)
[RiskManager] Veto at session 71: high_volatility = 0.3366
[RiskManager] Veto at session 78: high_volatility = 0.3848
HMM state mapping: {0: 'volatile', 1: 'trending', 2: 'mean_reverting'}
Emission means:
[[ 6.67690163e-03  1.11685452e-01  8.71075642e-01 -2.97524580e-01]
 [ 4.42779829e-02  3.04382389e-02  3.36373517e-01 -9.68490454e-02]
 [-1.28700208e-23  9.37513581e-23  1.00460288e-21  1.10922783e-23]]
[MetaLearner] Retrained at session 59 (error_rate=0.60)
[RiskManager] Veto at session 88: high_volatility = 0.3124
HMM state mapping: {0: 'volatile', 1: 'trending', 2: 'mean_reverting'}
Emission means:
[[ 6.67690163e-03  1.11685452e-01  8.71075642e-01 -2.97524580e-01]
 [ 6.33965575e-02  2.89126745e-02  3.39097412e-01 -9.79608544e-02]
 [-3.76558178e-16  2.08095336e-15  2.25832878e-14  2.52568865e-16]]
[MetaLearner] Retrained at session 69 (error_rate=0.40)
[RiskManager] Veto at session 94: high_volatility = 0.3064
HMM state mapping: {1: 'volatile', 0: 'trending', 2: 'mean_reverting'}
Emission means:
[[ 0.05088079  0.02199281  0.25826834 -0.07398002]
 [-0.04547319  0.3472019   2.73731951 -0.6053588 ]
 [ 0.00798874  0.11080783  0.88686253 -0.29032989]]
[MetaLearner] Retrained at session 79 (error_rate=0.53)
HMM state mapping: {0: 'volatile', 1: 'trending', 2: 'mean_reverting'}
Emission means:
[[ 1.94995317e-02  9.98928349e-02  8.33266422e-01 -2.75295412e-01]
 [ 1.34686770e-01  3.30492566e-02  4.22132600e-01 -1.61241538e-01]
 [ 1.87842174e-04  3.27099068e-02  3.09001425e-01 -1.22324553e-01]]
[RiskManager] Veto at session 22: high_volatility = 0.2731
[RiskManager] Veto at session 40: high_volatility = 0.1581
[RiskManager] Veto at session 44: high_volatility = 0.3298
[RiskManager] Veto at session 48: high_volatility = 0.3229
[RiskManager] Veto at session 52: high_volatility = 0.1687
[RiskManager] Veto at session 58: high_volatility = 0.1670
[RiskManager] Veto at session 62: high_volatility = 0.1622
[RiskManager] Veto at session 76: high_volatility = 0.2612
[RiskManager] Veto at session 80: high_volatility = 0.2671
[RiskManager] Veto at session 93: high_volatility = 0.2066
[RiskManager] Veto at session 97: high_volatility = 0.2982
HMM state mapping: {1: 'volatile', 0: 'trending', 2: 'mean_reverting'}
Emission means:
[[ 0.14067703  0.03306091  0.41404938 -0.1341998 ]
 [ 0.00247542  0.10667568  0.8691104  -0.28279734]
 [ 0.00505459  0.03123389  0.31424329 -0.18475118]]
[RiskManager] Veto at session 22: high_volatility = 0.3713
[RiskManager] Veto at session 34: high_volatility = 0.2900
[RiskManager] Veto at session 38: high_volatility = 0.2815
[RiskManager] Veto at session 44: high_volatility = 0.3013
HMM state mapping: {1: 'volatile', 0: 'trending', 2: 'mean_reverting'}
Emission means:
[[ 7.27685972e-02  3.06201425e-02  3.44717175e-01 -1.47940212e-01]
 [ 2.47542338e-03  1.06675681e-01  8.69110405e-01 -2.82797341e-01]
 [ 7.72694893e-09  1.10701339e-09  1.84728643e-08 -5.91343645e-09]]
[MetaLearner] Retrained at session 26 (error_rate=0.40)
[RiskManager] Veto at session 51: high_volatility = 0.3313
[RiskManager] Veto at session 56: high_volatility = 0.1585
HMM state mapping: {0: 'volatile', 1: 'trending', 2: 'mean_reverting'}
Emission means:
[[-5.38998900e-03  1.03494812e-01  8.45497396e-01 -2.64731125e-01]
 [ 7.27685975e-02  3.06201424e-02  3.44717174e-01 -1.47940211e-01]
 [ 4.01330498e-09  3.28517765e-09  3.35192049e-08 -1.53460547e-08]]
[MetaLearner] Retrained at session 36 (error_rate=0.40)
[RiskManager] Veto at session 65: high_volatility = 0.3551
HMM state mapping: {0: 'volatile', 1: 'trending', 2: 'mean_reverting'}
Emission means:
[[-3.66659815e-05  1.04204295e-01  8.52279621e-01 -2.61603890e-01]
 [ 7.66137052e-02  2.98215509e-02  3.37440331e-01 -1.33994488e-01]
 [ 3.25665031e-09  2.93531761e-08  2.40723187e-07 -2.37469699e-08]]
[MetaLearner] Retrained at session 46 (error_rate=0.47)
HMM state mapping: {2: 'volatile', 1: 'trending', 0: 'mean_reverting'}
Emission means:
[[-0.00259032  0.10365811  0.85257919 -0.25332684]
 [ 0.07309863  0.02620928  0.30235735 -0.11806167]
 [-0.00684136  0.12526462  1.62784696 -0.46677956]]
[MetaLearner] Retrained at session 56 (error_rate=0.80)
[RiskManager] Veto at session 79: high_volatility = 0.1562
[RiskManager] Veto at session 83: high_volatility = 0.2880
HMM state mapping: {1: 'volatile', 0: 'trending', 2: 'mean_reverting'}
Emission means:
[[ 0.06897793  0.02527701  0.29093041 -0.10277762]
 [-0.02829349  0.23968981  2.09360905 -0.51104246]
 [ 0.0141568   0.10428356  0.83325373 -0.27324389]]
[MetaLearner] Retrained at session 66 (error_rate=0.80)
[RiskManager] Veto at session 87: high_volatility = 0.3541
[RiskManager] Veto at session 91: high_volatility = 0.3016
[RiskManager] Veto at session 95: high_volatility = 0.3066
HMM state mapping: {0: 'volatile', 1: 'trending', 2: 'mean_reverting'}
Emission means:
[[-0.02829556  0.23968283  2.09353841 -0.51103508]
 [ 0.07121878  0.02492387  0.2936581  -0.09363979]
 [-0.00604525  0.1037933   0.82647792 -0.28657801]]
[MetaLearner] Retrained at session 76 (error_rate=0.67)
HMM state mapping: {0: 'volatile', 1: 'trending', 2: 'mean_reverting'}
Emission means:
[[ 0.04015049  0.10412006  0.84041871 -0.28795511]
 [ 0.13279485  0.03060874  0.39919741 -0.08839039]
 [ 0.0046401   0.03327333  0.31246822 -0.16880685]]
[RiskManager] Veto at session 40: high_volatility = 0.1675
[RiskManager] Veto at session 49: high_volatility = 0.1610
[RiskManager] Veto at session 57: high_volatility = 0.1658
[RiskManager] Veto at session 62: high_volatility = 0.1547
[RiskManager] Veto at session 66: high_volatility = 0.2059
[RiskManager] Veto at session 70: high_volatility = 0.3431
[RiskManager] Veto at session 74: high_volatility = 0.3492
[RiskManager] Veto at session 78: high_volatility = 0.3358
[RiskManager] Veto at session 83: high_volatility = 0.1876
[RiskManager] Veto at session 87: high_volatility = 0.3753
[RiskManager] Veto at session 91: high_volatility = 0.3298
[RiskManager] Veto at session 95: high_volatility = 0.3258
HMM state mapping: {1: 'volatile', 2: 'trending', 0: 'mean_reverting'}
Emission means:
[[ 0.00653683  0.03492393  0.29593945 -0.16328976]
 [-0.0169275   0.10455403  0.82583518 -0.27040363]
 [ 0.13754512  0.03048769  0.41927724 -0.1212621 ]]
[RiskManager] Veto at session 29: high_volatility = 0.2966
[RiskManager] Veto at session 33: high_volatility = 0.3847
[RiskManager] Veto at session 37: high_volatility = 0.3001
[RiskManager] Veto at session 45: high_volatility = 0.1619
[RiskManager] Veto at session 61: high_volatility = 0.1604
[RiskManager] Veto at session 68: high_volatility = 0.1820
[RiskManager] Veto at session 75: high_volatility = 0.1646
[RiskManager] Veto at session 80: high_volatility = 0.3799
HMM state mapping: {2: 'volatile', 1: 'trending', 0: 'mean_reverting'}
Emission means:
[[ 9.49561744e-04  1.00067310e-01  8.23884096e-01 -2.78824242e-01]
 [ 6.94430117e-02  3.13283004e-02  3.44811399e-01 -1.51219121e-01]
 [ 1.20579893e-01  1.25232553e-01  1.37645107e+00 -4.41769159e-01]]
[MetaLearner] Retrained at session 68 (error_rate=0.40)
[RiskManager] Veto at session 90: high_volatility = 0.1644
HMM state mapping: {2: 'volatile', 0: 'trending', 1: 'mean_reverting'}
Emission means:
[[ 0.06943952  0.03136857  0.34747095 -0.15165411]
 [ 0.00428857  0.10028162  0.82235091 -0.28163488]
 [ 0.12057989  0.12523255  1.37645105 -0.44176915]]
[MetaLearner] Retrained at session 78 (error_rate=0.73)
HMM state mapping: {2: 'volatile', 0: 'trending', 1: 'mean_reverting'}
Emission means:
[[ 0.14219534  0.03461723  0.45557159 -0.17932225]
 [ 0.00668193  0.03114553  0.3124389  -0.11420852]
 [-0.00650322  0.10340786  0.87717134 -0.32846179]]
[RiskManager] Veto at session 22: high_volatility = 0.3713
[RiskManager] Veto at session 35: high_volatility = 0.1589
[RiskManager] Veto at session 42: high_volatility = 0.1890
[RiskManager] Veto at session 46: high_volatility = 0.3661
[RiskManager] Veto at session 50: high_volatility = 0.3217
[RiskManager] Veto at session 61: high_volatility = 0.2845
[RiskManager] Veto at session 73: high_volatility = 0.2066
[RiskManager] Veto at session 83: high_volatility = 0.3713
[RiskManager] Veto at session 87: high_volatility = 0.3193
[RiskManager] Veto at session 98: high_volatility = 0.2908
HMM state mapping: {1: 'volatile', 2: 'trending', 0: 'mean_reverting'}
Emission means:
[[ 0.06507439  0.03154804  0.36750806 -0.23447069]
 [-0.00940831  0.11324031  0.86799817 -0.30196661]
 [ 0.08103181  0.03057445  0.38501703 -0.05028938]]
[RiskManager] Veto at session 25: high_volatility = 0.3085
[RiskManager] Veto at session 29: high_volatility = 0.3670
[RiskManager] Veto at session 33: high_volatility = 0.3091
HMM state mapping: {1: 'volatile', 0: 'trending', 2: 'mean_reverting'}
Emission means:
[[ 0.10075794  0.03025379  0.3718265  -0.21398381]
 [-0.00940856  0.11323985  0.86799408 -0.30196744]
 [ 0.05785513  0.02841735  0.36090895 -0.00090571]]
[MetaLearner] Retrained at session 15 (error_rate=0.80)
[RiskManager] Veto at session 37: high_volatility = 0.2564
[RiskManager] Veto at session 42: high_volatility = 0.3251
HMM state mapping: {0: 'volatile', 1: 'trending', 2: 'mean_reverting'}
Emission means:
[[-0.00940847  0.11323984  0.86799415 -0.30196739]
 [ 0.07529632  0.02925966  0.34993982 -0.16261085]
 [-0.03023274  0.08507062  3.44187149 -0.01208869]]
[MetaLearner] Retrained at session 25 (error_rate=0.93)
[RiskManager] Veto at session 51: high_volatility = 0.1745
HMM state mapping: {2: 'volatile', 0: 'trending', 1: 'mean_reverting'}
Emission means:
[[ 0.07456419  0.02897084  0.35055101 -0.15765895]
 [-0.03023274  0.08507062  3.44187149 -0.01208869]
 [-0.01147914  0.12128898  0.90750375 -0.31191766]]
[MetaLearner] Retrained at session 35 (error_rate=0.87)
[RiskManager] Veto at session 64: high_volatility = 0.2707
HMM state mapping: {2: 'volatile', 0: 'trending', 1: 'mean_reverting'}
Emission means:
[[ 0.07470548  0.02894085  0.34777508 -0.15771877]
 [-0.03023274  0.08507062  3.44187149 -0.01208869]
 [-0.01319473  0.11323664  0.83624733 -0.2832166 ]]
[MetaLearner] Retrained at session 45 (error_rate=0.67)
[RiskManager] Veto at session 68: high_volatility = 0.1992
[RiskManager] Veto at session 72: high_volatility = 0.1612
HMM state mapping: {2: 'volatile', 0: 'trending', 1: 'mean_reverting'}
Emission means:
[[ 7.55656536e-02  2.83019667e-02  3.41195824e-01 -1.49209636e-01]
 [-3.02327435e-02  8.50706250e-02  3.44187149e+00 -1.20886878e-02]
 [ 4.98236299e-04  1.15976114e-01  8.99317810e-01 -2.89848285e-01]]
[MetaLearner] Retrained at session 55 (error_rate=0.40)
[RiskManager] Veto at session 76: high_volatility = 0.1716
HMM state mapping: {2: 'volatile', 0: 'trending', 1: 'mean_reverting'}
Emission means:
[[ 0.07079807  0.02873806  0.33986517 -0.13875644]
 [-0.03023274  0.08507062  3.44187149 -0.01208869]
 [ 0.007878    0.11570985  0.89042974 -0.28475459]]
[MetaLearner] Retrained at session 65 (error_rate=0.80)
[RiskManager] Veto at session 88: high_volatility = 0.1543
[RiskManager] Veto at session 93: high_volatility = 0.1674
HMM state mapping: {0: 'volatile', 2: 'trending', 1: 'mean_reverting'}
Emission means:
[[ 0.00682459  0.1125715   0.88561099 -0.27878969]
 [-0.03023274  0.08507062  3.44187149 -0.01208869]
 [ 0.05059569  0.02868006  0.32578179 -0.12234963]]
[MetaLearner] Retrained at session 75 (error_rate=0.40)
HMM state mapping: {0: 'volatile', 2: 'trending', 1: 'mean_reverting'}
Emission means:
[[ 0.02950137  0.10529157  0.81511097 -0.32932343]
 [ 0.00601535  0.03203143  0.31210276 -0.18084552]
 [ 0.13866295  0.03512405  0.43559357 -0.10956117]]
[RiskManager] Veto at session 22: high_volatility = 0.3521
[RiskManager] Veto at session 28: high_volatility = 0.1606
[RiskManager] Veto at session 33: high_volatility = 0.3047
[RiskManager] Veto at session 37: high_volatility = 0.3671
[RiskManager] Veto at session 43: high_volatility = 0.1645
[RiskManager] Veto at session 48: high_volatility = 0.1710
[RiskManager] Veto at session 54: high_volatility = 0.3230
[RiskManager] Veto at session 68: high_volatility = 0.3433
HMM state mapping: {0: 'volatile', 1: 'trending', 2: 'mean_reverting'}
Emission means:
[[ 5.58358230e-03  1.09950215e-01  8.45179287e-01 -3.28465741e-01]
 [ 7.24575563e-02  3.39280309e-02  3.73020517e-01 -1.51060679e-01]
 [ 9.67963320e-11  5.63248818e-10  5.76256550e-09 -3.18381490e-09]]
[MetaLearner] Retrained at session 54 (error_rate=0.67)
[RiskManager] Veto at session 77: high_volatility = 0.3244
[RiskManager] Veto at session 84: high_volatility = 0.2182
HMM state mapping: {1: 'volatile', 2: 'trending', 0: 'mean_reverting'}
Emission means:
[[ 1.83691044e-10  1.09698526e-08  9.61569078e-08 -3.34703135e-08]
 [-1.01939907e-03  1.06212244e-01  8.40574933e-01 -3.23865968e-01]
 [ 6.86621599e-02  3.37039704e-02  3.67640300e-01 -1.48923449e-01]]
[MetaLearner] Retrained at session 64 (error_rate=0.67)
[RiskManager] Veto at session 90: high_volatility = 0.3187
[RiskManager] Veto at session 98: high_volatility = 0.3727
HMM state mapping: {1: 'volatile', 2: 'trending', 0: 'mean_reverting'}
Emission means:
[[ 9.56863994e-24  1.49026547e-23  1.41585201e-22 -9.37934773e-23]
 [-5.04021914e-04  1.10286165e-01  8.75491873e-01 -3.24808465e-01]
 [ 8.49794100e-02  3.24323517e-02  3.68419262e-01 -1.97806771e-01]]
[RiskManager] Veto at session 26: high_volatility = 0.1852
HMM state mapping: {2: 'volatile', 1: 'trending', 0: 'mean_reverting'}
Emission means:
[[ 4.87557641e-24  7.57033580e-24  7.29215577e-23 -4.66457767e-23]
 [ 8.48526311e-02  3.14253201e-02  3.73415298e-01 -1.71607736e-01]
 [-7.79804816e-04  1.03946398e-01  8.30594738e-01 -3.14424405e-01]]
[MetaLearner] Retrained at session 26 (error_rate=0.67)
[RiskManager] Veto at session 51: high_volatility = 0.1555
HMM state mapping: {1: 'volatile', 2: 'trending', 0: 'mean_reverting'}
Emission means:
[[ 1.83778771e-24  4.48168824e-24  4.24084962e-23 -2.65936444e-23]
 [-7.79834147e-04  1.03946378e-01  8.30594579e-01 -3.14424356e-01]
 [ 6.90899902e-02  3.13421981e-02  3.61953966e-01 -1.61745495e-01]]
[MetaLearner] Retrained at session 36 (error_rate=0.80)
[RiskManager] Veto at session 68: high_volatility = 0.1528
[RiskManager] Veto at session 72: high_volatility = 0.1649
[RiskManager] Veto at session 76: high_volatility = 0.1819
[RiskManager] Veto at session 88: high_volatility = 0.1716
[RiskManager] Veto at session 92: high_volatility = 0.1504
[RiskManager] Veto at session 96: high_volatility = 0.1797
HMM state mapping: {1: 'volatile', 2: 'trending', 0: 'mean_reverting'}
Emission means:
[[ 0.01333874  0.03041836  0.30008969 -0.21878493]
 [ 0.01153133  0.1114022   0.81773238 -0.2800495 ]
 [ 0.12319407  0.03337715  0.41432644 -0.12356149]]
[RiskManager] Veto at session 26: high_volatility = 0.3086
[RiskManager] Veto at session 33: high_volatility = 0.1511
[RiskManager] Veto at session 46: high_volatility = 0.1742
HMM state mapping: {2: 'volatile', 1: 'trending', 0: 'mean_reverting'}
Emission means:
[[ 0.08426821  0.03069677  0.37140803 -0.15586339]
 [ 0.13411845  0.08169264  2.78018649  0.06571259]
 [ 0.01113423  0.11399999  0.85857144 -0.2993895 ]]
[MetaLearner] Retrained at session 29 (error_rate=0.40)
[RiskManager] Veto at session 53: high_volatility = 0.1502
[RiskManager] Veto at session 57: high_volatility = 0.3486
HMM state mapping: {0: 'volatile', 1: 'trending', 2: 'mean_reverting'}
Emission means:
[[ 0.01113455  0.11399986  0.85857061 -0.29938925]
 [ 0.13411845  0.08169264  2.78018649  0.06571259]
 [ 0.06129926  0.02986548  0.34429346 -0.13852777]]
[MetaLearner] Retrained at session 39 (error_rate=0.40)
[RiskManager] Veto at session 61: high_volatility = 0.3360
[RiskManager] Veto at session 65: high_volatility = 0.1537
HMM state mapping: {1: 'volatile', 0: 'trending', 2: 'mean_reverting'}
Emission means:
[[ 0.05332234  0.02692982  0.31018574 -0.13254982]
 [ 0.04338676  0.2320382   2.67224732 -0.24662211]
 [ 0.00796348  0.10928294  0.83068421 -0.29409047]]
[MetaLearner] Retrained at session 49 (error_rate=0.47)
[RiskManager] Veto at session 70: high_volatility = 0.3824
HMM state mapping: {0: 'volatile', 1: 'trending', 2: 'mean_reverting'}
Emission means:
[[ 0.04338676  0.2320382   2.67224732 -0.24662211]
 [ 0.04678688  0.0231601   0.26653425 -0.10986511]
 [ 0.00602904  0.10827764  0.82175659 -0.29574165]]
[MetaLearner] Retrained at session 59 (error_rate=0.93)
HMM state mapping: {0: 'volatile', 1: 'trending', 2: 'mean_reverting'}
Emission means:
[[ 0.04338676  0.2320382   2.67224732 -0.24662211]
 [ 0.0405029   0.02166951  0.25062201 -0.09746838]
 [ 0.00602999  0.10827724  0.82175404 -0.29574101]]
[MetaLearner] Retrained at session 69 (error_rate=1.00)
HMM state mapping: {0: 'volatile', 1: 'trending', 2: 'mean_reverting'}
Emission means:
[[ 0.04338676  0.2320382   2.67224732 -0.24662211]
 [ 0.03888245  0.02080163  0.2405901  -0.09356692]
 [ 0.00707722  0.10717786  0.81365564 -0.29662672]]
[MetaLearner] Retrained at session 79 (error_rate=1.00)
HMM state mapping: {0: 'volatile', 2: 'trending', 1: 'mean_reverting'}
Emission means:
[[-3.68871040e-02  1.03037642e-01  7.99857753e-01 -2.99479767e-01]
 [-3.66464536e-04  6.39131958e-03  6.32899759e-02  8.06602320e-04]
 [ 9.03354099e-02  3.43924225e-02  4.07682555e-01 -1.77029751e-01]]
[RiskManager] Veto at session 28: high_volatility = 0.3073
HMM state mapping: {2: 'volatile', 1: 'trending', 0: 'mean_reverting'}
Emission means:
[[ 0.04240981  0.01960603  0.22577719 -0.08309184]
 [ 0.08336842  0.09631928  3.89052632  0.05760109]
 [-0.03068521  0.10524451  0.84298242 -0.2837428 ]]
[MetaLearner] Retrained at session 21 (error_rate=0.40)
[RiskManager] Veto at session 43: high_volatility = 0.2947
[RiskManager] Veto at session 47: high_volatility = 0.3988
[RiskManager] Veto at session 51: high_volatility = 0.2930
HMM state mapping: {2: 'volatile', 1: 'trending', 0: 'mean_reverting'}
Emission means:
[[ 0.05192498  0.02188789  0.25681536 -0.11238966]
 [ 0.08336842  0.09631928  3.89052632  0.05760109]
 [-0.0306861   0.10524484  0.84297951 -0.28374052]]
[MetaLearner] Retrained at session 31 (error_rate=0.60)
[RiskManager] Veto at session 55: high_volatility = 0.3295
[RiskManager] Veto at session 59: high_volatility = 0.3324
HMM state mapping: {2: 'volatile', 1: 'trending', 0: 'mean_reverting'}
Emission means:
[[ 0.06345596  0.02274637  0.27590176 -0.10702289]
 [ 0.08336842  0.09631928  3.89052632  0.05760109]
 [-0.03068069  0.10524348  0.84296319 -0.28374315]]
[MetaLearner] Retrained at session 41 (error_rate=0.60)
[RiskManager] Veto at session 63: high_volatility = 0.3179
[RiskManager] Veto at session 69: high_volatility = 0.3550
HMM state mapping: {0: 'volatile', 2: 'trending', 1: 'mean_reverting'}
Emission means:
[[-0.01070116  0.10029901  0.82805328 -0.29514606]
 [ 0.0700662   0.02254408  0.27412979 -0.10756247]
 [ 0.08336842  0.09631928  3.89052632  0.05760109]]
[MetaLearner] Retrained at session 51 (error_rate=0.73)
[RiskManager] Veto at session 73: high_volatility = 0.2818
[RiskManager] Veto at session 77: high_volatility = 0.3797
[RiskManager] Veto at session 81: high_volatility = 0.3192
HMM state mapping: {2: 'volatile', 1: 'trending', 0: 'mean_reverting'}
Emission means:
[[ 0.06919777  0.02393387  0.28533192 -0.13594072]
 [ 0.08336842  0.09631928  3.89052632  0.05760109]
 [ 0.00519935  0.09800405  0.81961176 -0.28171729]]
[MetaLearner] Retrained at session 61 (error_rate=0.67)
[RiskManager] Veto at session 85: high_volatility = 0.3930
[RiskManager] Veto at session 89: high_volatility = 0.3298
HMM state mapping: {1: 'volatile', 0: 'trending', 2: 'mean_reverting'}
Emission means:
[[ 0.06212445  0.02821809  0.31617783 -0.15809691]
 [-0.03239588  0.32702888  2.73092515 -0.56807888]
 [ 0.02292542  0.09187068  0.75892947 -0.28388767]]
[MetaLearner] Retrained at session 74 (error_rate=0.40)
[RiskManager] Veto at session 95: high_volatility = 0.3270
HMM state mapping: {1: 'volatile', 2: 'trending', 0: 'mean_reverting'}
Emission means:
[[-0.00118796  0.03174108  0.3086047  -0.19092596]
 [-0.00486841  0.10472845  0.81565248 -0.24808961]
 [ 0.1416906   0.03258223  0.42978787 -0.10427721]]
[RiskManager] Veto at session 24: high_volatility = 0.2942
[RiskManager] Veto at session 28: high_volatility = 0.3338
[RiskManager] Veto at session 33: high_volatility = 0.1511
[RiskManager] Veto at session 39: high_volatility = 0.1740
[RiskManager] Veto at session 44: high_volatility = 0.1698
[RiskManager] Veto at session 48: high_volatility = 0.2981
[RiskManager] Veto at session 56: high_volatility = 0.3429
[RiskManager] Veto at session 61: high_volatility = 0.1752
[RiskManager] Veto at session 80: high_volatility = 0.1594
[RiskManager] Veto at session 96: high_volatility = 0.2934
HMM state mapping: {0: 'volatile', 1: 'trending', 2: 'mean_reverting'}
Emission means:
[[ 1.17146728e-02  1.01104781e-01  8.03649267e-01 -2.95660220e-01]
 [ 6.52082688e-02  3.17080096e-02  3.65833546e-01 -1.72030670e-01]
 [ 3.98464335e-07  1.15027019e-05  1.08095973e-04 -6.37734393e-05]]
[RiskManager] Veto at session 33: high_volatility = 0.1511
HMM state mapping: {0: 'volatile', 1: 'trending', 2: 'mean_reverting'}
Emission means:
[[ 3.87675368e-03  1.06389840e-01  8.30394458e-01 -2.99570880e-01]
 [ 5.31772769e-02  3.23705962e-02  3.59464183e-01 -1.59634192e-01]
 [-1.71917094e-07  8.70426360e-06  8.39542779e-05 -4.43197567e-05]]
[MetaLearner] Retrained at session 15 (error_rate=0.73)
[RiskManager] Veto at session 43: high_volatility = 0.1983
HMM state mapping: {1: 'volatile', 2: 'trending', 0: 'mean_reverting'}
Emission means:
[[ 0.00605722  0.03078457  0.29816003 -0.14278392]
 [ 0.00387648  0.10639091  0.83040247 -0.29957047]
 [ 0.14530895  0.03105565  0.40110586 -0.17877533]]
[MetaLearner] Retrained at session 25 (error_rate=0.73)
[RiskManager] Veto at session 59: high_volatility = 0.3426
[RiskManager] Veto at session 69: high_volatility = 0.1744
[RiskManager] Veto at session 73: high_volatility = 0.3284
[RiskManager] Veto at session 77: high_volatility = 0.3417
[RiskManager] Veto at session 81: high_volatility = 0.3130
[RiskManager] Veto at session 85: high_volatility = 0.1557
[RiskManager] Veto at session 91: high_volatility = 0.1989
[RiskManager] Veto at session 95: high_volatility = 0.2757
[RiskManager] Veto at session 99: high_volatility = 0.3294
HMM state mapping: {1: 'volatile', 0: 'trending', 2: 'mean_reverting'}
Emission means:
[[ 0.13390785  0.03415427  0.4296296  -0.11499724]
 [-0.01740881  0.10655009  0.81227329 -0.29582442]
 [ 0.01192593  0.03067096  0.31680714 -0.14064243]]
[RiskManager] Veto at session 22: high_volatility = 0.3124
[RiskManager] Veto at session 34: high_volatility = 0.3157
[RiskManager] Veto at session 38: high_volatility = 0.3034
[RiskManager] Veto at session 50: high_volatility = 0.1781
[RiskManager] Veto at session 54: high_volatility = 0.3310
[RiskManager] Veto at session 58: high_volatility = 0.3366
[RiskManager] Veto at session 63: high_volatility = 0.1554
[RiskManager] Veto at session 69: high_volatility = 0.1546
[RiskManager] Veto at session 76: high_volatility = 0.1777
[RiskManager] Veto at session 92: high_volatility = 0.2759
[RiskManager] Veto at session 96: high_volatility = 0.2743
HMM state mapping: {0: 'volatile', 2: 'trending', 1: 'mean_reverting'}
Emission means:
[[ 0.03057755  0.09954789  0.78822751 -0.24274852]
 [ 0.00365575  0.03166932  0.31235859 -0.09841551]
 [ 0.12489261  0.03236253  0.41014736 -0.15128835]]
[RiskManager] Veto at session 24: high_volatility = 0.3131
[RiskManager] Veto at session 28: high_volatility = 0.2566
[RiskManager] Veto at session 32: high_volatility = 0.3612
HMM state mapping: {1: 'volatile', 0: 'trending', 2: 'mean_reverting'}
Emission means:
[[ 0.04134259  0.03270197  0.34682286 -0.13453562]
 [ 0.0421246   0.42670381  2.50433836 -0.67001529]
 [ 0.03058115  0.09954578  0.78821593 -0.24274535]]
[MetaLearner] Retrained at session 15 (error_rate=0.27)
[RiskManager] Veto at session 36: high_volatility = 0.4267
[RiskManager] Veto at session 40: high_volatility = 0.3732
[RiskManager] Veto at session 44: high_volatility = 0.3287
HMM state mapping: {1: 'volatile', 2: 'trending', 0: 'mean_reverting'}
Emission means:
[[ 0.03057506  0.1020411   0.82727316 -0.26894753]
 [ 0.0421246   0.42670381  2.50433836 -0.67001529]
 [ 0.04134406  0.03270199  0.34682417 -0.13453566]]
[MetaLearner] Retrained at session 25 (error_rate=0.60)
[RiskManager] Veto at session 49: high_volatility = 0.2998
HMM state mapping: {2: 'volatile', 1: 'trending', 0: 'mean_reverting'}
Emission means:
[[ 0.03358116  0.10536184  0.8495274  -0.27299795]
 [ 0.03654751  0.03330239  0.34736117 -0.13793927]
 [ 0.0421246   0.42670381  2.50433836 -0.67001529]]
[MetaLearner] Retrained at session 35 (error_rate=0.87)
[RiskManager] Veto at session 59: high_volatility = 0.3573
[RiskManager] Veto at session 63: high_volatility = 0.3150
HMM state mapping: {2: 'volatile', 1: 'trending', 0: 'mean_reverting'}
Emission means:
[[ 0.01270295  0.03305941  0.32622137 -0.12568649]
 [ 0.02448383  0.10323419  0.84903393 -0.26258865]
 [ 0.0421246   0.42670381  2.50433836 -0.67001529]]
[MetaLearner] Retrained at session 45 (error_rate=0.80)
[RiskManager] Veto at session 68: high_volatility = 0.3458
[RiskManager] Veto at session 72: high_volatility = 0.3496
HMM state mapping: {2: 'volatile', 0: 'trending', 1: 'mean_reverting'}
Emission means:
[[ 0.02965734  0.10037088  0.83621819 -0.2687244 ]
 [ 0.00323399  0.03229229  0.3180059  -0.13385054]
 [ 0.0421246   0.42670381  2.50433836 -0.67001529]]
[MetaLearner] Retrained at session 55 (error_rate=0.60)
[RiskManager] Veto at session 77: high_volatility = 0.3522
[RiskManager] Veto at session 81: high_volatility = 0.3245
[RiskManager] Veto at session 85: high_volatility = 0.3542
HMM state mapping: {2: 'volatile', 0: 'trending', 1: 'mean_reverting'}
Emission means:
[[ 0.03957021  0.03172317  0.33861886 -0.15110041]
 [ 0.0225855   0.10434087  0.85517581 -0.27236171]
 [ 0.0421246   0.42670381  2.50433836 -0.67001529]]
[MetaLearner] Retrained at session 65 (error_rate=0.73)
HMM state mapping: {1: 'volatile', 0: 'trending', 2: 'mean_reverting'}
Emission means:
[[ 0.0393587   0.03114797  0.33612606 -0.15618028]
 [-0.00943449  0.27901485  2.89075756 -0.61868979]
 [ 0.02258537  0.10434093  0.85517612 -0.27236165]]
[MetaLearner] Retrained at session 75 (error_rate=0.80)
[RiskManager] Veto at session 96: high_volatility = 0.2790
HMM state mapping: {0: 'volatile', 1: 'trending', 2: 'mean_reverting'}
Emission means:
[[ 0.01279163  0.10527704  0.78061926 -0.26129745]
 [ 0.14497351  0.03279443  0.44524673 -0.16758542]
 [ 0.00916858  0.03168897  0.30650527 -0.1492452 ]]
[RiskManager] Veto at session 23: high_volatility = 0.1510
[RiskManager] Veto at session 27: high_volatility = 0.2638
[RiskManager] Veto at session 46: high_volatility = 0.1947
HMM state mapping: {1: 'volatile', 0: 'trending', 2: 'mean_reverting'}
Emission means:
[[ 0.07165432  0.03139605  0.3629998  -0.16566973]
 [ 0.10679639  0.17515762  2.36875404 -0.38265834]
 [ 0.0127961   0.10527853  0.78063466 -0.26129972]]
[MetaLearner] Retrained at session 30 (error_rate=0.67)
[RiskManager] Veto at session 51: high_volatility = 0.1752
[RiskManager] Veto at session 58: high_volatility = 0.2502
[RiskManager] Veto at session 64: high_volatility = 0.3107
HMM state mapping: {1: 'volatile', 0: 'trending', 2: 'mean_reverting'}
Emission means:
[[ 0.06485347  0.0305597   0.35202679 -0.16111565]
 [ 0.10679639  0.17515762  2.36875404 -0.38265834]
 [ 0.01279372  0.10527684  0.7806208  -0.26129664]]
[MetaLearner] Retrained at session 47 (error_rate=0.67)
[RiskManager] Veto at session 70: high_volatility = 0.3311
[RiskManager] Veto at session 74: high_volatility = 0.3299
HMM state mapping: {1: 'volatile', 0: 'trending', 2: 'mean_reverting'}
Emission means:
[[ 0.05922364  0.03032305  0.34288361 -0.15753865]
 [ 0.12304001  0.27690894  2.50399303 -0.50370193]
 [ 0.00780637  0.1082934   0.8031421  -0.28460695]]
[MetaLearner] Retrained at session 57 (error_rate=0.73)
[RiskManager] Veto at session 78: high_volatility = 0.3787
HMM state mapping: {1: 'volatile', 0: 'trending', 2: 'mean_reverting'}
Emission means:
[[ 0.05016573  0.0300241   0.33332787 -0.15395045]
 [ 0.12304001  0.27690894  2.50399303 -0.50370193]
 [ 0.00567613  0.11034121  0.81840752 -0.30785649]]
[MetaLearner] Retrained at session 67 (error_rate=0.87)
[RiskManager] Veto at session 97: high_volatility = 0.2922
HMM state mapping: {1: 'volatile', 0: 'trending', 2: 'mean_reverting'}
Emission means:
[[ 4.67860385e-02  2.98370997e-02  3.30302792e-01 -1.48273507e-01]
 [ 1.23040007e-01  2.76908936e-01  2.50399303e+00 -5.03701927e-01]
 [ 1.98159231e-03  1.11847072e-01  8.42506587e-01 -3.04486708e-01]]
[MetaLearner] Retrained at session 77 (error_rate=0.93)
HMM state mapping: {1: 'volatile', 2: 'trending', 0: 'mean_reverting'}
Emission means:
[[ 0.00081837  0.0310867   0.30243558 -0.13591515]
 [-0.00815083  0.10203036  0.81306336 -0.31755757]
 [ 0.12996051  0.03077413  0.40577548 -0.09581303]]
[RiskManager] Veto at session 23: high_volatility = 0.1538
[RiskManager] Veto at session 27: high_volatility = 0.1538
[RiskManager] Veto at session 37: high_volatility = 0.2683
[RiskManager] Veto at session 41: high_volatility = 0.3002
[RiskManager] Veto at session 45: high_volatility = 0.3800
[RiskManager] Veto at session 49: high_volatility = 0.1585
[RiskManager] Veto at session 53: high_volatility = 0.1607
[RiskManager] Veto at session 59: high_volatility = 0.1609
[RiskManager] Veto at session 63: high_volatility = 0.3727
[RiskManager] Veto at session 67: high_volatility = 0.3616
[RiskManager] Veto at session 71: high_volatility = 0.1592
[RiskManager] Veto at session 75: high_volatility = 0.1913
[RiskManager] Veto at session 81: high_volatility = 0.1773
[RiskManager] Veto at session 85: high_volatility = 0.3724
[RiskManager] Veto at session 89: high_volatility = 0.3859
[RiskManager] Veto at session 96: high_volatility = 0.1612
HMM state mapping: {1: 'volatile', 0: 'trending', 2: 'mean_reverting'}
Emission means:
[[ 0.14283361  0.03054526  0.41987534 -0.16043917]
 [ 0.00763715  0.10618806  0.85405182 -0.27720507]
 [ 0.01265522  0.03311639  0.30718952 -0.19122665]]
[RiskManager] Veto at session 22: high_volatility = 0.3628
[RiskManager] Veto at session 29: high_volatility = 0.1753
[RiskManager] Veto at session 42: high_volatility = 0.1636
[RiskManager] Veto at session 46: high_volatility = 0.1702
[RiskManager] Veto at session 52: high_volatility = 0.1536
[RiskManager] Veto at session 62: high_volatility = 0.1573
[RiskManager] Veto at session 67: high_volatility = 0.1632
[RiskManager] Veto at session 71: high_volatility = 0.3425
[RiskManager] Veto at session 77: high_volatility = 0.1672
[RiskManager] Veto at session 83: high_volatility = 0.2027
[RiskManager] Veto at session 88: high_volatility = 0.1543
HMM state mapping: {1: 'volatile', 2: 'trending', 0: 'mean_reverting'}
Emission means:
[[ 0.01096981  0.03319466  0.31916623 -0.16286436]
 [-0.01252839  0.10092491  0.83448348 -0.28023645]
 [ 0.14450562  0.03397995  0.43218993 -0.18974773]]
[RiskManager] Veto at session 26: high_volatility = 0.1788
[RiskManager] Veto at session 31: high_volatility = 0.1612
HMM state mapping: {1: 'volatile', 2: 'trending', 0: 'mean_reverting'}
Emission means:
[[ 0.01158535  0.033161    0.31945831 -0.16253759]
 [-0.01862951  0.10106196  0.80697922 -0.30527971]
 [ 0.13775903  0.03263093  0.41629946 -0.17761049]]
[MetaLearner] Retrained at session 15 (error_rate=0.33)
[RiskManager] Veto at session 45: high_volatility = 0.1516
HMM state mapping: {1: 'volatile', 2: 'trending', 0: 'mean_reverting'}
Emission means:
[[-0.00732229  0.10099705  0.81175511 -0.31018604]
 [ 0.11833505  0.13183857  2.36102511 -0.24793096]
 [ 0.08552217  0.03285111  0.37621033 -0.17137019]]
[MetaLearner] Retrained at session 29 (error_rate=0.27)
[RiskManager] Veto at session 52: high_volatility = 0.1515
[RiskManager] Veto at session 58: high_volatility = 0.2309
HMM state mapping: {1: 'volatile', 2: 'trending', 0: 'mean_reverting'}
Emission means:
[[-0.00732162  0.10099651  0.8117511  -0.3101851 ]
 [ 0.11833505  0.13183857  2.36102511 -0.24793096]
 [ 0.08313321  0.03111951  0.36168533 -0.14552602]]
[MetaLearner] Retrained at session 39 (error_rate=0.40)
HMM state mapping: {1: 'volatile', 2: 'trending', 0: 'mean_reverting'}
Emission means:
[[-0.00732009  0.10099584  0.81174761 -0.31018468]
 [ 0.11833505  0.13183857  2.36102511 -0.24793096]
 [ 0.07622308  0.03103922  0.35917907 -0.13615037]]
[MetaLearner] Retrained at session 49 (error_rate=0.87)
HMM state mapping: {2: 'volatile', 1: 'trending', 0: 'mean_reverting'}
Emission means:
[[-0.00732077  0.10099611  0.81174886 -0.31018478]
 [ 0.0753991   0.03098431  0.35713434 -0.14380083]
 [ 0.11833505  0.13183857  2.36102511 -0.24793096]]
[MetaLearner] Retrained at session 59 (error_rate=0.40)
[RiskManager] Veto at session 88: high_volatility = 0.3709
HMM state mapping: {2: 'volatile', 0: 'trending', 1: 'mean_reverting'}
Emission means:
[[ 0.08054572  0.03079641  0.35978074 -0.13871644]
 [-0.01314512  0.09984035  0.80444572 -0.30742293]
 [ 0.11833505  0.13183857  2.36102511 -0.24793096]]
[MetaLearner] Retrained at session 69 (error_rate=0.47)
HMM state mapping: {1: 'volatile', 2: 'trending', 0: 'mean_reverting'}
Emission means:
[[-0.01314736  0.0998412   0.80444982 -0.30742329]
 [ 0.11833505  0.13183857  2.36102511 -0.24793096]
 [ 0.08946264  0.03110783  0.3679171  -0.14609147]]
[MetaLearner] Retrained at session 79 (error_rate=0.27)
HMM state mapping: {2: 'volatile', 1: 'trending', 0: 'mean_reverting'}
Emission means:
[[-0.00520216  0.08652903  0.64727871 -0.28805086]
 [ 0.07341981  0.03151168  0.3664101  -0.17012387]
 [ 0.00838189  0.11168462  0.91314352 -0.29425309]]
HMM state mapping: {1: 'volatile', 0: 'trending', 2: 'mean_reverting'}
Emission means:
[[ 0.14189859  0.02996601  0.41753457 -0.14296378]
 [ 0.00445168  0.10450855  0.83718653 -0.29252285]
 [ 0.00618793  0.03275976  0.31831625 -0.17364735]]
[MetaLearner] Retrained at session 15 (error_rate=0.73)
[RiskManager] Veto at session 41: high_volatility = 0.3062
[RiskManager] Veto at session 51: high_volatility = 0.1627
[RiskManager] Veto at session 61: high_volatility = 0.1732
HMM state mapping: {1: 'volatile', 0: 'trending', 2: 'mean_reverting'}
Emission means:
[[ 9.21296619e-02  3.07486829e-02  3.76387473e-01 -1.53125418e-01]
 [ 3.67516478e-02  3.28048425e-01  2.64576662e+00 -4.85709260e-01]
 [-5.91133132e-04  1.03510625e-01  8.28457701e-01 -3.03717323e-01]]
[MetaLearner] Retrained at session 48 (error_rate=0.53)
[RiskManager] Veto at session 69: high_volatility = 0.3280
HMM state mapping: {0: 'volatile', 1: 'trending', 2: 'mean_reverting'}
Emission means:
[[ 3.67516478e-02  3.28048425e-01  2.64576662e+00 -4.85709260e-01]
 [ 8.30919598e-02  3.03698911e-02  3.61573810e-01 -1.51462763e-01]
 [-5.91131105e-04  1.03510821e-01  8.28459284e-01 -3.03717506e-01]]
[MetaLearner] Retrained at session 58 (error_rate=0.53)
[RiskManager] Veto at session 88: high_volatility = 0.2899
[RiskManager] Veto at session 92: high_volatility = 0.2551
HMM state mapping: {1: 'volatile', 0: 'trending', 2: 'mean_reverting'}
Emission means:
[[ 0.08309208  0.03036985  0.36157366 -0.1514626 ]
 [ 0.03675165  0.32804843  2.64576662 -0.48570926]
 [-0.01305067  0.10042953  0.79063846 -0.29061899]]
[MetaLearner] Retrained at session 73 (error_rate=0.53)
[RiskManager] Veto at session 96: high_volatility = 0.3367
HMM state mapping: {0: 'volatile', 1: 'trending', 2: 'mean_reverting'}
Emission means:
[[ 0.00722689  0.10501806  0.87210045 -0.298908  ]
 [ 0.1471655   0.03287374  0.40647428 -0.12816299]
 [-0.00625298  0.0339758   0.31315982 -0.15256502]]
[RiskManager] Veto at session 23: high_volatility = 0.2925
[RiskManager] Veto at session 27: high_volatility = 0.3907
[RiskManager] Veto at session 42: high_volatility = 0.1543
[RiskManager] Veto at session 46: high_volatility = 0.1544
[RiskManager] Veto at session 51: high_volatility = 0.1620
[RiskManager] Veto at session 63: high_volatility = 0.3583
[RiskManager] Veto at session 67: high_volatility = 0.2724
[RiskManager] Veto at session 71: high_volatility = 0.3134
HMM state mapping: {1: 'volatile', 0: 'trending', 2: 'mean_reverting'}
Emission means:
[[ 7.04926334e-02  3.10580693e-02  3.41261831e-01 -1.81676714e-01]
 [ 1.18437818e-01  1.50169142e-01  1.92573490e+00 -4.51029877e-01]
 [-3.89784260e-04  1.07660707e-01  8.48801011e-01 -3.14522994e-01]]
[MetaLearner] Retrained at session 55 (error_rate=0.40)
[RiskManager] Veto at session 76: high_volatility = 0.1502
[RiskManager] Veto at session 88: high_volatility = 0.2842
HMM state mapping: {2: 'volatile', 1: 'trending', 0: 'mean_reverting'}
Emission means:
[[-0.01065354  0.10906013  0.83882366 -0.32535077]
 [ 0.07254162  0.03068275  0.34201239 -0.16700543]
 [ 0.11843782  0.15016914  1.9257349  -0.45102988]]
[MetaLearner] Retrained at session 71 (error_rate=0.40)
[RiskManager] Veto at session 98: high_volatility = 0.2568
HMM state mapping: {1: 'volatile', 2: 'trending', 0: 'mean_reverting'}
Emission means:
[[-0.00556368  0.03191597  0.29947841 -0.12227318]
 [-0.01167051  0.09981745  0.79293546 -0.29731844]
 [ 0.14138067  0.03146448  0.40621531 -0.24739642]]
[RiskManager] Veto at session 23: high_volatility = 0.1668
[RiskManager] Veto at session 27: high_volatility = 0.3583
[RiskManager] Veto at session 31: high_volatility = 0.3606
[RiskManager] Veto at session 35: high_volatility = 0.1630
[RiskManager] Veto at session 40: high_volatility = 0.1856
[RiskManager] Veto at session 44: high_volatility = 0.1813
[RiskManager] Veto at session 59: high_volatility = 0.1612
[RiskManager] Veto at session 65: high_volatility = 0.1901
[RiskManager] Veto at session 76: high_volatility = 0.2780
[RiskManager] Veto at session 80: high_volatility = 0.3332
[RiskManager] Veto at session 86: high_volatility = 0.1683
[RiskManager] Veto at session 93: high_volatility = 0.2768
[RiskManager] Veto at session 97: high_volatility = 0.2912
HMM state mapping: {1: 'volatile', 0: 'trending', 2: 'mean_reverting'}
Emission means:
[[ 0.14446341  0.03370906  0.44141879 -0.18481642]
 [-0.0116524   0.10617333  0.83478493 -0.26317903]
 [ 0.02240846  0.03302415  0.32739367 -0.13400107]]
[RiskManager] Veto at session 22: high_volatility = 0.3252
[RiskManager] Veto at session 26: high_volatility = 0.3882
[RiskManager] Veto at session 30: high_volatility = 0.3015
[RiskManager] Veto at session 34: high_volatility = 0.3578
[RiskManager] Veto at session 42: high_volatility = 0.1913
[RiskManager] Veto at session 47: high_volatility = 0.3677
[RiskManager] Veto at session 54: high_volatility = 0.1579
[RiskManager] Veto at session 60: high_volatility = 0.1863
[RiskManager] Veto at session 65: high_volatility = 0.3781
[RiskManager] Veto at session 69: high_volatility = 0.1726
[RiskManager] Veto at session 79: high_volatility = 0.1814
[RiskManager] Veto at session 84: high_volatility = 0.3087
[RiskManager] Veto at session 89: high_volatility = 0.1773
[RiskManager] Veto at session 93: high_volatility = 0.3092
[RiskManager] Veto at session 97: high_volatility = 0.3313
HMM state mapping: {0: 'volatile', 2: 'trending', 1: 'mean_reverting'}
Emission means:
[[ 0.00988448  0.10532667  0.82123674 -0.29203472]
 [ 0.00800543  0.03235036  0.32476866 -0.18873741]
 [ 0.13635266  0.03288055  0.42330523 -0.14100659]]
[RiskManager] Veto at session 22: high_volatility = 0.3713
[RiskManager] Veto at session 34: high_volatility = 0.2900
[RiskManager] Veto at session 38: high_volatility = 0.2815
[RiskManager] Veto at session 44: high_volatility = 0.1540
[RiskManager] Veto at session 49: high_volatility = 0.1748
[RiskManager] Veto at session 57: high_volatility = 0.3193
[RiskManager] Veto at session 61: high_volatility = 0.3360
[RiskManager] Veto at session 65: high_volatility = 0.3352
[RiskManager] Veto at session 77: high_volatility = 0.1620
[RiskManager] Veto at session 81: high_volatility = 0.3363
[RiskManager] Veto at session 85: high_volatility = 0.3834
HMM state mapping: {0: 'volatile', 1: 'trending', 2: 'mean_reverting'}
Emission means:
[[ 0.01373592  0.10212215  0.78492194 -0.28577046]
 [ 0.14676183  0.03353911  0.45191055 -0.17097185]
 [ 0.04438119  0.03256639  0.33127315 -0.12159377]]
[RiskManager] Veto at session 22: high_volatility = 0.3124
[RiskManager] Veto at session 26: high_volatility = 0.3284
[RiskManager] Veto at session 30: high_volatility = 0.3307
[RiskManager] Veto at session 34: high_volatility = 0.2909
HMM state mapping: {1: 'volatile', 0: 'trending', 2: 'mean_reverting'}
Emission means:
[[ 0.14009424  0.03058644  0.39788901 -0.15285394]
 [ 0.01378127  0.10210874  0.7848481  -0.28574395]
 [ 0.00554545  0.03118498  0.30393219 -0.14491007]]
[MetaLearner] Retrained at session 15 (error_rate=0.53)
[RiskManager] Veto at session 38: high_volatility = 0.2694
[RiskManager] Veto at session 42: high_volatility = 0.3462
[RiskManager] Veto at session 54: high_volatility = 0.3425
[RiskManager] Veto at session 58: high_volatility = 0.2883
[RiskManager] Veto at session 62: high_volatility = 0.2894
[RiskManager] Veto at session 69: high_volatility = 0.1723
[RiskManager] Veto at session 77: high_volatility = 0.1728
HMM state mapping: {2: 'volatile', 1: 'trending', 0: 'mean_reverting'}
Emission means:
[[ 0.05888874  0.03040443  0.33669458 -0.15596553]
 [ 0.10908534  0.08639515  3.34181094  0.03956172]
 [ 0.01100557  0.10278438  0.79605612 -0.33598284]]
[MetaLearner] Retrained at session 65 (error_rate=0.27)
[RiskManager] Veto at session 91: high_volatility = 0.1689
[RiskManager] Veto at session 95: high_volatility = 0.2480
HMM state mapping: {2: 'volatile', 1: 'trending', 0: 'mean_reverting'}
Emission means:
[[ 0.04900272  0.02986823  0.32920296 -0.14657012]
 [ 0.10908534  0.08639515  3.34181094  0.03956172]
 [ 0.01535545  0.1032291   0.77777717 -0.34803545]]
[MetaLearner] Retrained at session 75 (error_rate=0.47)
[RiskManager] Veto at session 99: high_volatility = 0.3806
HMM state mapping: {1: 'volatile', 2: 'trending', 0: 'mean_reverting'}
Emission means:
[[ 0.00795629  0.03212159  0.31294932 -0.16381839]
 [ 0.02628695  0.10910651  0.86267309 -0.33124543]
 [ 0.14113052  0.03455182  0.42920423 -0.18678078]]
[RiskManager] Veto at session 26: high_volatility = 0.1855
[RiskManager] Veto at session 30: high_volatility = 0.2552
[RiskManager] Veto at session 34: high_volatility = 0.3578
[RiskManager] Veto at session 38: high_volatility = 0.3140
[RiskManager] Veto at session 43: high_volatility = 0.1652
[RiskManager] Veto at session 52: high_volatility = 0.1515
[RiskManager] Veto at session 59: high_volatility = 0.1555
[RiskManager] Veto at session 69: high_volatility = 0.1879
[RiskManager] Veto at session 73: high_volatility = 0.3157
[RiskManager] Veto at session 77: high_volatility = 0.3417
[RiskManager] Veto at session 81: high_volatility = 0.3130
[RiskManager] Veto at session 91: high_volatility = 0.1980
[RiskManager] Veto at session 95: high_volatility = 0.1827
[RiskManager] Veto at session 99: high_volatility = 0.1582
HMM state mapping: {1: 'volatile', 2: 'trending', 0: 'mean_reverting'}
Emission means:
[[-0.00349997  0.03346253  0.31302149 -0.18819225]
 [-0.00480229  0.11328165  0.87098176 -0.31330404]
 [ 0.14310626  0.0314938   0.40347834 -0.12436312]]
[RiskManager] Veto at session 23: high_volatility = 0.3933
[RiskManager] Veto at session 27: high_volatility = 0.3605
[RiskManager] Veto at session 31: high_volatility = 0.3760
[RiskManager] Veto at session 35: high_volatility = 0.3613
[RiskManager] Veto at session 50: high_volatility = 0.1700
[RiskManager] Veto at session 55: high_volatility = 0.1543
[RiskManager] Veto at session 65: high_volatility = 0.1533
[RiskManager] Veto at session 71: high_volatility = 0.2730
[RiskManager] Veto at session 75: high_volatility = 0.3092
[RiskManager] Veto at session 79: high_volatility = 0.3153
[RiskManager] Veto at session 96: high_volatility = 0.2636
HMM state mapping: {1: 'volatile', 0: 'trending', 2: 'mean_reverting'}
Emission means:
[[ 1.45801893e-01  3.19288462e-02  4.04986779e-01 -1.47785220e-01]
 [-2.48941717e-04  1.00313509e-01  8.13541368e-01 -2.73640664e-01]
 [ 2.72085620e-04  3.28433514e-02  3.13291379e-01 -1.97493421e-01]]
[RiskManager] Veto at session 24: high_volatility = 0.1677
[RiskManager] Veto at session 31: high_volatility = 0.1561
[RiskManager] Veto at session 39: high_volatility = 0.1544
[RiskManager] Veto at session 51: high_volatility = 0.1678
[RiskManager] Veto at session 55: high_volatility = 0.3317
[RiskManager] Veto at session 59: high_volatility = 0.2736
[RiskManager] Veto at session 63: high_volatility = 0.3825
[RiskManager] Veto at session 69: high_volatility = 0.1540
[RiskManager] Veto at session 74: high_volatility = 0.1868
[RiskManager] Veto at session 78: high_volatility = 0.3300
[RiskManager] Veto at session 82: high_volatility = 0.3453
[RiskManager] Veto at session 87: high_volatility = 0.1875
[RiskManager] Veto at session 95: high_volatility = 0.2770
[RiskManager] Veto at session 99: high_volatility = 0.3286
HMM state mapping: {2: 'volatile', 0: 'trending', 1: 'mean_reverting'}
Emission means:
[[ 0.11989885  0.0304957   0.41057445 -0.21241379]
 [ 0.00859861  0.03380235  0.32961436 -0.10730653]
 [ 0.03974461  0.10563467  0.8156926  -0.25047685]]
[RiskManager] Veto at session 23: high_volatility = 0.2925
[RiskManager] Veto at session 27: high_volatility = 0.3413
[RiskManager] Veto at session 32: high_volatility = 0.1569
[RiskManager] Veto at session 46: high_volatility = 0.2804
[RiskManager] Veto at session 50: high_volatility = 0.2710
[RiskManager] Veto at session 54: high_volatility = 0.2947
[RiskManager] Veto at session 58: high_volatility = 0.3173
HMM state mapping: {0: 'volatile', 2: 'trending', 1: 'mean_reverting'}
Emission means:
[[ 0.0326348   0.10417649  0.82854428 -0.26961797]
 [-0.00403189  0.03002994  0.28929992 -0.1424067 ]
 [ 0.13537005  0.0300071   0.41938503 -0.18843715]]
[MetaLearner] Retrained at session 38 (error_rate=0.53)
[RiskManager] Veto at session 62: high_volatility = 0.3803
[RiskManager] Veto at session 75: high_volatility = 0.1628
[RiskManager] Veto at session 80: high_volatility = 0.1594
[RiskManager] Veto at session 84: high_volatility = 0.2825
[RiskManager] Veto at session 88: high_volatility = 0.3166
[RiskManager] Veto at session 92: high_volatility = 0.3398
HMM state mapping: {1: 'volatile', 0: 'trending', 2: 'mean_reverting'}
Emission means:
[[ 0.14150242  0.03340155  0.43879114 -0.16318893]
 [ 0.00434822  0.10900292  0.81576209 -0.2856319 ]
 [ 0.00520271  0.03156595  0.33188397 -0.1531895 ]]
[RiskManager] Veto at session 24: high_volatility = 0.1535
[RiskManager] Veto at session 29: high_volatility = 0.1607
HMM state mapping: {0: 'volatile', 2: 'trending', 1: 'mean_reverting'}
Emission means:
[[ 0.0016144   0.10775551  0.82860945 -0.28170862]
 [ 0.0733542   0.03248397  0.38534002 -0.15819003]
 [ 0.14414609  0.09825712  1.58470295 -0.2299601 ]]
[MetaLearner] Retrained at session 18 (error_rate=0.27)
[RiskManager] Veto at session 42: high_volatility = 0.2672
HMM state mapping: {1: 'volatile', 0: 'trending', 2: 'mean_reverting'}
Emission means:
[[ 1.44146086e-01  9.82571249e-02  1.58470295e+00 -2.29960103e-01]
 [-8.28548774e-04  1.06147387e-01  8.26662373e-01 -2.92483697e-01]
 [ 8.09838994e-02  3.22694581e-02  3.89343267e-01 -1.52956351e-01]]
[MetaLearner] Retrained at session 28 (error_rate=0.60)
[RiskManager] Veto at session 52: high_volatility = 0.3229
[RiskManager] Veto at session 56: high_volatility = 0.1632
HMM state mapping: {0: 'volatile', 2: 'trending', 1: 'mean_reverting'}
Emission means:
[[-0.00560574  0.10299619  0.81829809 -0.29508808]
 [ 0.08098397  0.03226942  0.3893431  -0.15295623]
 [ 0.14414609  0.09825712  1.58470295 -0.2299601 ]]
[MetaLearner] Retrained at session 38 (error_rate=0.53)
[RiskManager] Veto at session 60: high_volatility = 0.1552
[RiskManager] Veto at session 64: high_volatility = 0.3270
[RiskManager] Veto at session 68: high_volatility = 0.3215
HMM state mapping: {1: 'volatile', 2: 'trending', 0: 'mean_reverting'}
Emission means:
[[ 0.05862113  0.03311291  0.37156012 -0.1660528 ]
 [-0.00574308  0.10398407  0.82320566 -0.29688768]
 [ 0.14414609  0.09825712  1.58470295 -0.2299601 ]]
[MetaLearner] Retrained at session 48 (error_rate=0.33)
[RiskManager] Veto at session 72: high_volatility = 0.1525
[RiskManager] Veto at session 76: high_volatility = 0.3568
HMM state mapping: {0: 'volatile', 2: 'trending', 1: 'mean_reverting'}
Emission means:
[[-0.0108561   0.10198837  0.83127391 -0.27834383]
 [ 0.03827325  0.03291291  0.34454813 -0.15769991]
 [ 0.14414609  0.09825712  1.58470295 -0.2299601 ]]
[MetaLearner] Retrained at session 58 (error_rate=0.27)
[RiskManager] Veto at session 80: high_volatility = 0.3535
[RiskManager] Veto at session 86: high_volatility = 0.1754
HMM state mapping: {0: 'volatile', 2: 'trending', 1: 'mean_reverting'}
Emission means:
[[-0.00275044  0.09903133  0.81599913 -0.28818482]
 [ 0.012821    0.03243238  0.32253603 -0.16530064]
 [ 0.14414609  0.09825712  1.58470295 -0.2299601 ]]
[MetaLearner] Retrained at session 68 (error_rate=0.33)
[RiskManager] Veto at session 90: high_volatility = 0.1629
[RiskManager] Veto at session 94: high_volatility = 0.3775
[RiskManager] Veto at session 98: high_volatility = 0.3038
HMM state mapping: {0: 'volatile', 2: 'trending', 1: 'mean_reverting'}
Emission means:
[[-0.00756783  0.09776252  0.81130555 -0.28757569]
 [-0.00487689  0.03356823  0.31757885 -0.17472932]
 [ 0.0166654   0.0350466   0.34939986  0.01822513]]
[MetaLearner] Retrained at session 78 (error_rate=0.33)
HMM state mapping: {1: 'volatile', 2: 'trending', 0: 'mean_reverting'}
Emission means:
[[ 0.00915383  0.0309369   0.29928185 -0.15946565]
 [ 0.00994289  0.10044255  0.84049376 -0.2620864 ]
 [ 0.13958468  0.03059297  0.40953034 -0.08323861]]
[RiskManager] Veto at session 22: high_volatility = 0.3053
[RiskManager] Veto at session 28: high_volatility = 0.1740
[RiskManager] Veto at session 32: high_volatility = 0.3436
[RiskManager] Veto at session 36: high_volatility = 0.3634
[RiskManager] Veto at session 40: high_volatility = 0.3422
[RiskManager] Veto at session 44: high_volatility = 0.1546
[RiskManager] Veto at session 51: high_volatility = 0.1519
[RiskManager] Veto at session 55: high_volatility = 0.3480
[RiskManager] Veto at session 59: high_volatility = 0.3355
[RiskManager] Veto at session 76: high_volatility = 0.1747
[RiskManager] Veto at session 87: high_volatility = 0.1765
[RiskManager] Veto at session 91: high_volatility = 0.3514
[RiskManager] Veto at session 95: high_volatility = 0.3197
HMM state mapping: {1: 'volatile', 0: 'trending', 2: 'mean_reverting'}
Emission means:
[[ 0.14522862  0.03122648  0.409806   -0.18201401]
 [-0.00630041  0.094625    0.78583761 -0.27667193]
 [ 0.01233562  0.03143749  0.31606591 -0.1065715 ]]
[RiskManager] Veto at session 23: high_volatility = 0.1538
[RiskManager] Veto at session 27: high_volatility = 0.1538
[RiskManager] Veto at session 33: high_volatility = 0.2827
[RiskManager] Veto at session 37: high_volatility = 0.3143
[RiskManager] Veto at session 41: high_volatility = 0.3002
[RiskManager] Veto at session 49: high_volatility = 0.1585
[RiskManager] Veto at session 53: high_volatility = 0.3082
[RiskManager] Veto at session 57: high_volatility = 0.3765
[RiskManager] Veto at session 61: high_volatility = 0.1607
[RiskManager] Veto at session 65: high_volatility = 0.1741
[RiskManager] Veto at session 69: high_volatility = 0.3520
[RiskManager] Veto at session 73: high_volatility = 0.3950
[RiskManager] Veto at session 79: high_volatility = 0.3222
[RiskManager] Veto at session 84: high_volatility = 0.2398
HMM state mapping: {1: 'volatile', 0: 'trending', 2: 'mean_reverting'}
Emission means:
[[ 0.04822377  0.03031067  0.33071411 -0.12270195]
 [ 0.09817325  0.13713542  2.08089458 -0.36713987]
 [-0.00688593  0.10159215  0.78166862 -0.28829969]]
[MetaLearner] Retrained at session 74 (error_rate=0.53)
[RiskManager] Veto at session 97: high_volatility = 0.1636
HMM state mapping: {0: 'volatile', 1: 'trending', 2: 'mean_reverting'}
Emission means:
[[-0.00273144  0.10439676  0.80266081 -0.27077816]
 [ 0.13561548  0.03339483  0.4210511  -0.11247315]
 [ 0.00199744  0.03324457  0.30733969 -0.1163776 ]]
[RiskManager] Veto at session 22: high_volatility = 0.3628
[RiskManager] Veto at session 29: high_volatility = 0.1580
[RiskManager] Veto at session 33: high_volatility = 0.3047
HMM state mapping: {1: 'volatile', 2: 'trending', 0: 'mean_reverting'}
Emission means:
[[-0.01099599  0.10621335  0.82742418 -0.29692881]
 [ 0.01072731  0.31394872  2.72302081 -0.54132821]
 [ 0.05104064  0.03323535  0.34843022 -0.10795635]]
[MetaLearner] Retrained at session 16 (error_rate=0.40)
[RiskManager] Veto at session 37: high_volatility = 0.3139
[RiskManager] Veto at session 43: high_volatility = 0.3103
HMM state mapping: {1: 'volatile', 2: 'trending', 0: 'mean_reverting'}
Emission means:
[[-0.00547474  0.10887077  0.84804394 -0.30464764]
 [-0.0359239   0.34649848  2.75884177 -0.60811389]
 [ 0.04294059  0.03280891  0.34399866 -0.10781269]]
[MetaLearner] Retrained at session 26 (error_rate=0.67)
[RiskManager] Veto at session 47: high_volatility = 0.3790
[RiskManager] Veto at session 59: high_volatility = 0.3007
[RiskManager] Veto at session 63: high_volatility = 0.4148
HMM state mapping: {1: 'volatile', 2: 'trending', 0: 'mean_reverting'}
Emission means:
[[ 0.00567964  0.10786752  0.8164956  -0.32099643]
 [-0.0359239   0.34649848  2.75884177 -0.60811389]
 [ 0.04289777  0.03377099  0.35045059 -0.13005637]]
[MetaLearner] Retrained at session 44 (error_rate=0.40)
HMM state mapping: {1: 'volatile', 2: 'trending', 0: 'mean_reverting'}
Emission means:
[[ 0.00489925  0.10882904  0.82307094 -0.32153931]
 [-0.0359239   0.34649848  2.75884177 -0.60811389]
 [ 0.04641325  0.03325976  0.3533882  -0.13004398]]
[MetaLearner] Retrained at session 60 (error_rate=0.40)
[RiskManager] Veto at session 86: high_volatility = 0.4448
[RiskManager] Veto at session 90: high_volatility = 0.4073
HMM state mapping: {1: 'volatile', 0: 'trending', 2: 'mean_reverting'}
Emission means:
[[ 3.18029282e-02  3.25012325e-02  3.39897981e-01 -1.17954227e-01]
 [-3.59238960e-02  3.46498482e-01  2.75884177e+00 -6.08113890e-01]
 [-1.37684948e-03  1.08117837e-01  8.40211455e-01 -3.12612325e-01]]
[MetaLearner] Retrained at session 70 (error_rate=0.87)
[RiskManager] Veto at session 94: high_volatility = 0.4068
HMM state mapping: {1: 'volatile', 0: 'trending', 2: 'mean_reverting'}
Emission means:
[[ 0.14809484  0.03260609  0.4413152  -0.13941163]
 [-0.00281282  0.11105023  0.87537607 -0.28604376]
 [ 0.00354436  0.03307729  0.31192214 -0.19868454]]
[RiskManager] Veto at session 22: high_volatility = 0.3252
[RiskManager] Veto at session 26: high_volatility = 0.3882
[RiskManager] Veto at session 30: high_volatility = 0.3015
[RiskManager] Veto at session 41: high_volatility = 0.3177
[RiskManager] Veto at session 47: high_volatility = 0.1565
[RiskManager] Veto at session 60: high_volatility = 0.2922
[RiskManager] Veto at session 66: high_volatility = 0.1574
[RiskManager] Veto at session 70: high_volatility = 0.1690
[RiskManager] Veto at session 75: high_volatility = 0.1867
[RiskManager] Veto at session 80: high_volatility = 0.3500
[RiskManager] Veto at session 94: high_volatility = 0.2197
[RiskManager] Veto at session 98: high_volatility = 0.3753
HMM state mapping: {0: 'volatile', 1: 'trending', 2: 'mean_reverting'}
Emission means:
[[ 0.00385469  0.10179742  0.77622782 -0.2667099 ]
 [ 0.13658208  0.03098648  0.42223549 -0.08691094]
 [ 0.00612197  0.03122608  0.31392368 -0.13279257]]
[RiskManager] Veto at session 26: high_volatility = 0.1791
[RiskManager] Veto at session 31: high_volatility = 0.1610
[RiskManager] Veto at session 35: high_volatility = 0.1564
[RiskManager] Veto at session 39: high_volatility = 0.3344
[RiskManager] Veto at session 43: high_volatility = 0.2797
[RiskManager] Veto at session 49: high_volatility = 0.1822
[RiskManager] Veto at session 55: high_volatility = 0.3347
[RiskManager] Veto at session 60: high_volatility = 0.1803
[RiskManager] Veto at session 64: high_volatility = 0.1674
[RiskManager] Veto at session 69: high_volatility = 0.1541
[RiskManager] Veto at session 82: high_volatility = 0.3373
[RiskManager] Veto at session 86: high_volatility = 0.3296
[RiskManager] Veto at session 90: high_volatility = 0.3921
[RiskManager] Veto at session 94: high_volatility = 0.1651
HMM state mapping: {0: 'volatile', 2: 'trending', 1: 'mean_reverting'}
Emission means:
[[-0.00344267  0.10318457  0.80505967 -0.28140796]
 [ 0.0143248   0.03155911  0.31053231 -0.14809577]
 [ 0.14140613  0.03400502  0.45382664 -0.16586149]]
[RiskManager] Veto at session 26: high_volatility = 0.2188
[RiskManager] Veto at session 31: high_volatility = 0.1612
[RiskManager] Veto at session 35: high_volatility = 0.3032
[RiskManager] Veto at session 39: high_volatility = 0.3540
[RiskManager] Veto at session 47: high_volatility = 0.2796
[RiskManager] Veto at session 56: high_volatility = 0.1608
[RiskManager] Veto at session 62: high_volatility = 0.1573
[RiskManager] Veto at session 67: high_volatility = 0.1534
[RiskManager] Veto at session 71: high_volatility = 0.3142
[RiskManager] Veto at session 76: high_volatility = 0.1635
[RiskManager] Veto at session 85: high_volatility = 0.3491
[RiskManager] Veto at session 91: high_volatility = 0.3265
[RiskManager] Veto at session 95: high_volatility = 0.2934
[RiskManager] Veto at session 99: high_volatility = 0.3049
HMM state mapping: {1: 'volatile', 0: 'trending', 2: 'mean_reverting'}
Emission means:
[[ 0.14014533  0.03229894  0.43263236 -0.14494849]
 [ 0.00111166  0.09834418  0.81289012 -0.300241  ]
 [ 0.01087411  0.03301282  0.31005642 -0.16738808]]
[RiskManager] Veto at session 25: high_volatility = 0.1528
[RiskManager] Veto at session 30: high_volatility = 0.1618
[RiskManager] Veto at session 34: high_volatility = 0.2084
[RiskManager] Veto at session 41: high_volatility = 0.1689
[RiskManager] Veto at session 53: high_volatility = 0.1771
[RiskManager] Veto at session 57: high_volatility = 0.3193
[RiskManager] Veto at session 61: high_volatility = 0.2394
[RiskManager] Veto at session 66: high_volatility = 0.1531
[RiskManager] Veto at session 71: high_volatility = 0.1628
[RiskManager] Veto at session 86: high_volatility = 0.1669
[RiskManager] Veto at session 91: high_volatility = 0.1541
[RiskManager] Veto at session 99: high_volatility = 0.3677
HMM state mapping: {1: 'volatile', 2: 'trending', 0: 'mean_reverting'}
Emission means:
[[ 0.00716662  0.03217004  0.31050146 -0.18060712]
 [ 0.00919846  0.10116383  0.79136813 -0.27568841]
 [ 0.13146846  0.03099657  0.41477575 -0.12440801]]
[RiskManager] Veto at session 22: high_volatility = 0.3189
[RiskManager] Veto at session 26: high_volatility = 0.3877
[RiskManager] Veto at session 30: high_volatility = 0.3320
[RiskManager] Veto at session 34: high_volatility = 0.3450
HMM state mapping: {1: 'volatile', 2: 'trending', 0: 'mean_reverting'}
Emission means:
[[ 0.01891632  0.03186043  0.30889498 -0.13053465]
 [ 0.00919808  0.10116397  0.79136882 -0.27568854]
 [ 0.13920185  0.03181785  0.44664113 -0.16833969]]
[MetaLearner] Retrained at session 15 (error_rate=0.27)
[RiskManager] Veto at session 41: high_volatility = 0.3162
HMM state mapping: {1: 'volatile', 0: 'trending', 2: 'mean_reverting'}
Emission means:
[[ 0.06972331  0.03176451  0.36100847 -0.1446477 ]
 [ 0.09841168  0.10394198  1.29714339 -0.19860885]
 [ 0.00919892  0.10116361  0.79136687 -0.27568824]]
[MetaLearner] Retrained at session 25 (error_rate=0.27)
[RiskManager] Veto at session 51: high_volatility = 0.3310
[RiskManager] Veto at session 55: high_volatility = 0.3745
HMM state mapping: {2: 'volatile', 0: 'trending', 1: 'mean_reverting'}
Emission means:
[[ 0.09841255  0.10394209  1.29714626 -0.19860882]
 [ 0.06871485  0.03104782  0.3587579  -0.14800687]
 [ 0.005793    0.10504603  0.80564102 -0.28901129]]
[MetaLearner] Retrained at session 35 (error_rate=0.33)
[RiskManager] Veto at session 59: high_volatility = 0.3796
[RiskManager] Veto at session 63: high_volatility = 0.3390
HMM state mapping: {1: 'volatile', 0: 'trending', 2: 'mean_reverting'}
Emission means:
[[ 0.12999334  0.02889434  0.39215967 -0.16910454]
 [ 0.01157164  0.10196059  0.86305215 -0.27216427]
 [ 0.01511682  0.03274416  0.30993475 -0.12055311]]
[MetaLearner] Retrained at session 45 (error_rate=0.80)
[RiskManager] Veto at session 67: high_volatility = 0.2843
HMM state mapping: {1: 'volatile', 0: 'trending', 2: 'mean_reverting'}
Emission means:
[[ 0.08545632  0.03038704  0.36028239 -0.15028596]
 [ 0.04125277  0.1201194   1.38561549 -0.29588325]
 [-0.0071288   0.09555489  0.75561979 -0.3027143 ]]
[MetaLearner] Retrained at session 55 (error_rate=0.33)
[RiskManager] Veto at session 79: high_volatility = 0.1825
[RiskManager] Veto at session 87: high_volatility = 0.2997
HMM state mapping: {0: 'volatile', 1: 'trending', 2: 'mean_reverting'}
Emission means:
[[ 0.04125261  0.1201194   1.38561361 -0.29588396]
 [ 0.09306324  0.02912445  0.35516072 -0.15633525]
 [ 0.00772537  0.09598469  0.78168314 -0.31821218]]
[MetaLearner] Retrained at session 67 (error_rate=0.27)
[RiskManager] Veto at session 91: high_volatility = 0.2742
[RiskManager] Veto at session 95: high_volatility = 0.2574
HMM state mapping: {2: 'volatile', 1: 'trending', 0: 'mean_reverting'}
Emission means:
[[ 0.00483123  0.09693164  0.80579672 -0.30789302]
 [ 0.11502214  0.02767234  0.36677378 -0.17001833]
 [ 0.04125185  0.12011989  1.38560814 -0.29588464]]
[MetaLearner] Retrained at session 77 (error_rate=0.67)
HMM state mapping: {0: 'volatile', 1: 'trending', 2: 'mean_reverting'}
Emission means:
[[-0.00442708  0.09988315  0.78247774 -0.29582173]
 [ 0.14438191  0.03067568  0.41132326 -0.16594869]
 [ 0.00424329  0.03104607  0.30158709 -0.17647907]]
[RiskManager] Veto at session 31: high_volatility = 0.1505
[RiskManager] Veto at session 35: high_volatility = 0.1574
[RiskManager] Veto at session 41: high_volatility = 0.1689
[RiskManager] Veto at session 53: high_volatility = 0.1565
[RiskManager] Veto at session 57: high_volatility = 0.2612
[RiskManager] Veto at session 69: high_volatility = 0.2556
[RiskManager] Veto at session 73: high_volatility = 0.3023
[RiskManager] Veto at session 97: high_volatility = 0.1600
HMM state mapping: {1: 'volatile', 2: 'trending', 0: 'mean_reverting'}
Emission means:
[[ 0.00141561  0.03251874  0.28857439 -0.26179778]
 [ 0.01420508  0.10981223  0.87947398 -0.28822178]
 [ 0.09514731  0.03168281  0.37578517 -0.09988716]]
[RiskManager] Veto at session 26: high_volatility = 0.1855
[RiskManager] Veto at session 33: high_volatility = 0.3187
HMM state mapping: {1: 'volatile', 2: 'trending', 0: 'mean_reverting'}
Emission means:
[[ 0.00434283  0.0333241   0.3100885  -0.15077473]
 [ 0.01075291  0.10569083  0.8486566  -0.28942912]
 [ 0.13322323  0.03068481  0.40125177 -0.10152619]]
[MetaLearner] Retrained at session 15 (error_rate=0.47)
[RiskManager] Veto at session 38: high_volatility = 0.3140
[RiskManager] Veto at session 43: high_volatility = 0.1652
[RiskManager] Veto at session 48: high_volatility = 0.1710
[RiskManager] Veto at session 53: high_volatility = 0.1790
[RiskManager] Veto at session 57: high_volatility = 0.3656
[RiskManager] Veto at session 61: high_volatility = 0.3501
[RiskManager] Veto at session 66: high_volatility = 0.1669
[RiskManager] Veto at session 70: high_volatility = 0.1551
[RiskManager] Veto at session 75: high_volatility = 0.1994
[RiskManager] Veto at session 86: high_volatility = 0.1978
[RiskManager] Veto at session 90: high_volatility = 0.1788
HMM state mapping: {0: 'volatile', 1: 'trending', 2: 'mean_reverting'}
Emission means:
[[-0.01872982  0.10107316  0.8180668  -0.28508537]
 [ 0.14187098  0.02950379  0.40969885 -0.10100056]
 [ 0.00282235  0.03138886  0.29221633 -0.21551153]]
[RiskManager] Veto at session 23: high_volatility = 0.1510
[RiskManager] Veto at session 27: high_volatility = 0.2638
[RiskManager] Veto at session 32: high_volatility = 0.1572
[RiskManager] Veto at session 38: high_volatility = 0.1637
[RiskManager] Veto at session 42: high_volatility = 0.3159
[RiskManager] Veto at session 46: high_volatility = 0.3186
[RiskManager] Veto at session 51: high_volatility = 0.1726
[RiskManager] Veto at session 55: high_volatility = 0.1603
[RiskManager] Veto at session 59: high_volatility = 0.3355
[RiskManager] Veto at session 63: high_volatility = 0.3764
[RiskManager] Veto at session 67: high_volatility = 0.3699
[RiskManager] Veto at session 80: high_volatility = 0.3059
[RiskManager] Veto at session 84: high_volatility = 0.3041
[RiskManager] Veto at session 88: high_volatility = 0.3384
[RiskManager] Veto at session 92: high_volatility = 0.3069
HMM state mapping: {1: 'volatile', 0: 'trending', 2: 'mean_reverting'}
Emission means:
[[ 0.13443     0.03081888  0.41175785 -0.15174626]
 [ 0.01626307  0.10516877  0.84262672 -0.31140436]
 [ 0.00383044  0.0320763   0.33163753 -0.15568956]]
[RiskManager] Veto at session 22: high_volatility = 0.3521
[RiskManager] Veto at session 29: high_volatility = 0.1598
[RiskManager] Veto at session 40: high_volatility = 0.1592
[RiskManager] Veto at session 47: high_volatility = 0.1605
[RiskManager] Veto at session 51: high_volatility = 0.2870
[RiskManager] Veto at session 55: high_volatility = 0.4051
[RiskManager] Veto at session 59: high_volatility = 0.3023
[RiskManager] Veto at session 64: high_volatility = 0.1522
[RiskManager] Veto at session 68: high_volatility = 0.3434
[RiskManager] Veto at session 72: high_volatility = 0.3496
[RiskManager] Veto at session 80: high_volatility = 0.1957
[RiskManager] Veto at session 85: high_volatility = 0.1847
[RiskManager] Veto at session 89: high_volatility = 0.1621
[RiskManager] Veto at session 93: high_volatility = 0.3005
[RiskManager] Veto at session 97: high_volatility = 0.3467
HMM state mapping: {1: 'volatile', 2: 'trending', 0: 'mean_reverting'}
Emission means:
[[ 1.65254009e-02  3.17880513e-02  3.13577533e-01 -1.40255706e-01]
 [-1.48678991e-04  1.11641318e-01  8.02583050e-01 -3.09142855e-01]
 [ 1.41339598e-01  3.40418700e-02  4.29262577e-01 -1.30661670e-01]]
[RiskManager] Veto at session 23: high_volatility = 0.3200
[RiskManager] Veto at session 27: high_volatility = 0.3378
[RiskManager] Veto at session 41: high_volatility = 0.2484
[RiskManager] Veto at session 59: high_volatility = 0.1785
[RiskManager] Veto at session 65: high_volatility = 0.1901
[RiskManager] Veto at session 69: high_volatility = 0.1520
[RiskManager] Veto at session 77: high_volatility = 0.1559
[RiskManager] Veto at session 89: high_volatility = 0.1533
[RiskManager] Veto at session 97: high_volatility = 0.1510
HMM state mapping: {0: 'volatile', 1: 'trending', 2: 'mean_reverting'}
Emission means:
[[ 0.03163427  0.1139788   0.82767647 -0.3510827 ]
 [ 0.13884936  0.03391456  0.42752323 -0.17364645]
 [ 0.01116027  0.03144787  0.32158964 -0.1185075 ]]
[RiskManager] Veto at session 22: high_volatility = 0.3521
[RiskManager] Veto at session 29: high_volatility = 0.1598
[RiskManager] Veto at session 40: high_volatility = 0.1630
[RiskManager] Veto at session 44: high_volatility = 0.3696
[RiskManager] Veto at session 48: high_volatility = 0.1907
[RiskManager] Veto at session 53: high_volatility = 0.1607
[RiskManager] Veto at session 58: high_volatility = 0.1670
[RiskManager] Veto at session 62: high_volatility = 0.1966
[RiskManager] Veto at session 66: high_volatility = 0.3673
[RiskManager] Veto at session 70: high_volatility = 0.3490
[RiskManager] Veto at session 74: high_volatility = 0.1822
[RiskManager] Veto at session 79: high_volatility = 0.1521
[RiskManager] Veto at session 95: high_volatility = 0.1652
HMM state mapping: {1: 'volatile', 2: 'trending', 0: 'mean_reverting'}
Emission means:
[[ 0.04293187  0.03157626  0.31750737 -0.24140409]
 [ 0.00536739  0.10216589  0.84078351 -0.27275768]
 [ 0.14120551  0.03232751  0.42425888 -0.08744786]]
[RiskManager] Veto at session 32: high_volatility = 0.3487
HMM state mapping: {1: 'volatile', 0: 'trending', 2: 'mean_reverting'}
Emission means:
[[ 0.0645267   0.03215819  0.3464266  -0.16943407]
 [-0.04544282  0.34519622  3.16228574 -0.49914311]
 [ 0.00536741  0.10216588  0.84078345 -0.27275765]]
[MetaLearner] Retrained at session 15 (error_rate=0.53)
[RiskManager] Veto at session 36: high_volatility = 0.3452
[RiskManager] Veto at session 43: high_volatility = 0.2991
HMM state mapping: {1: 'volatile', 0: 'trending', 2: 'mean_reverting'}
Emission means:
[[ 0.05522314  0.03239576  0.33864966 -0.15573092]
 [-0.04544282  0.34519622  3.16228574 -0.49914311]
 [ 0.01666757  0.10624442  0.86363773 -0.30439418]]
[MetaLearner] Retrained at session 25 (error_rate=0.73)
[RiskManager] Veto at session 48: high_volatility = 0.4069
[RiskManager] Veto at session 52: high_volatility = 0.3501
HMM state mapping: {1: 'volatile', 0: 'trending', 2: 'mean_reverting'}
Emission means:
[[ 0.06928688  0.03195731  0.34950458 -0.14371151]
 [-0.04544282  0.34519622  3.16228574 -0.49914311]
 [ 0.00712566  0.10544205  0.84965322 -0.29430787]]
[MetaLearner] Retrained at session 35 (error_rate=0.53)
[RiskManager] Veto at session 66: high_volatility = 0.3054
HMM state mapping: {1: 'volatile', 0: 'trending', 2: 'mean_reverting'}
Emission means:
[[ 0.07485215  0.03216144  0.35244845 -0.13500693]
 [-0.04544282  0.34519622  3.16228574 -0.49914311]
 [ 0.00347764  0.10543352  0.82440313 -0.30360283]]
[MetaLearner] Retrained at session 48 (error_rate=0.27)
[RiskManager] Veto at session 70: high_volatility = 0.3516
[RiskManager] Veto at session 74: high_volatility = 0.3233
HMM state mapping: {0: 'volatile', 2: 'trending', 1: 'mean_reverting'}
Emission means:
[[-0.04544282  0.34519622  3.16228574 -0.49914311]
 [ 0.00983216  0.10608806  0.81583104 -0.31383613]
 [ 0.07329389  0.03281591  0.35522283 -0.12510521]]
[MetaLearner] Retrained at session 58 (error_rate=0.80)
HMM state mapping: {2: 'volatile', 0: 'trending', 1: 'mean_reverting'}
Emission means:
[[ 0.07522809  0.03253443  0.35628247 -0.11922018]
 [ 0.00739179  0.10671808  0.81455963 -0.31608668]
 [-0.04544282  0.34519622  3.16228574 -0.49914311]]
[MetaLearner] Retrained at session 68 (error_rate=0.53)
[RiskManager] Veto at session 92: high_volatility = 0.2495
[RiskManager] Veto at session 96: high_volatility = 0.3302
HMM state mapping: {2: 'volatile', 0: 'trending', 1: 'mean_reverting'}
Emission means:
[[ 0.06441556  0.03225835  0.34954061 -0.08677884]
 [ 0.00774819  0.10423119  0.81282154 -0.31057297]
 [-0.04544282  0.34519622  3.16228574 -0.49914311]]
[MetaLearner] Retrained at session 78 (error_rate=0.47)
HMM state mapping: {1: 'volatile', 0: 'trending', 2: 'mean_reverting'}
Emission means:
[[ 0.07762082  0.03186244  0.35635781 -0.25505594]
 [ 0.01643164  0.10815749  0.79576994 -0.28407499]
 [ 0.07520726  0.03245875  0.37564651 -0.0876917 ]]
[RiskManager] Veto at session 23: high_volatility = 0.1510
[RiskManager] Veto at session 27: high_volatility = 0.2638
[RiskManager] Veto at session 31: high_volatility = 0.3595
HMM state mapping: {2: 'volatile', 1: 'trending', 0: 'mean_reverting'}
Emission means:
[[ 0.00874693  0.1113108   0.84474038 -0.31169975]
 [ 0.06131606  0.0318537   0.3542693  -0.16692556]
 [ 0.00832943  0.16439413  1.75724921 -0.36075183]]
[MetaLearner] Retrained at session 15 (error_rate=0.47)
[RiskManager] Veto at session 36: high_volatility = 0.1644
[RiskManager] Veto at session 40: high_volatility = 0.3422
HMM state mapping: {2: 'volatile', 1: 'trending', 0: 'mean_reverting'}
Emission means:
[[ 5.36449246e-02  3.25856401e-02  3.52977812e-01 -1.67973742e-01]
 [-5.72983805e-02  9.15736066e-02  3.91144652e+00 -6.00723734e-03]
 [ 3.86394846e-03  1.13257643e-01  8.88653354e-01 -3.14887364e-01]]
[MetaLearner] Retrained at session 25 (error_rate=0.67)
[RiskManager] Veto at session 47: high_volatility = 0.1762
[RiskManager] Veto at session 51: high_volatility = 0.3783
[RiskManager] Veto at session 55: high_volatility = 0.3475
HMM state mapping: {0: 'volatile', 1: 'trending', 2: 'mean_reverting'}
Emission means:
[[ 7.82743310e-04  1.13053951e-01  8.89287499e-01 -3.12699446e-01]
 [ 8.27336393e-02  3.15729939e-02  3.67732920e-01 -1.94999207e-01]
 [-5.72983805e-02  9.15736066e-02  3.91144652e+00 -6.00723734e-03]]
[MetaLearner] Retrained at session 35 (error_rate=0.87)
[RiskManager] Veto at session 64: high_volatility = 0.1976
HMM state mapping: {2: 'volatile', 0: 'trending', 1: 'mean_reverting'}
Emission means:
[[ 7.64373619e-02  3.03500751e-02  3.55183390e-01 -1.63592059e-01]
 [-5.72983805e-02  9.15736066e-02  3.91144652e+00 -6.00723734e-03]
 [ 1.78224748e-03  1.12375390e-01  9.01123990e-01 -3.17350519e-01]]
[MetaLearner] Retrained at session 45 (error_rate=0.53)
[RiskManager] Veto at session 77: high_volatility = 0.1535
[RiskManager] Veto at session 85: high_volatility = 0.1920
HMM state mapping: {0: 'volatile', 2: 'trending', 1: 'mean_reverting'}
Emission means:
[[-0.00577649  0.11132758  0.8868423  -0.3398494 ]
 [-0.05729838  0.09157361  3.91144652 -0.00600724]
 [ 0.06985027  0.02992146  0.34771751 -0.15965996]]
[MetaLearner] Retrained at session 69 (error_rate=0.40)
[RiskManager] Veto at session 96: high_volatility = 0.1544
HMM state mapping: {0: 'volatile', 2: 'trending', 1: 'mean_reverting'}
Emission means:
[[ 2.29428270e-04  1.26489393e-01  3.22838418e+00 -2.33148410e-01]
 [-2.41651722e-03  1.12184005e-01  9.10370089e-01 -3.44350217e-01]
 [ 8.10886457e-02  2.98609703e-02  3.54954117e-01 -1.58542792e-01]]
[MetaLearner] Retrained at session 79 (error_rate=0.60)
HMM state mapping: {1: 'volatile', 2: 'trending', 0: 'mean_reverting'}
Emission means:
[[ 0.00308906  0.03219056  0.30338633 -0.18152419]
 [-0.0134768   0.09894673  0.81907994 -0.25707159]
 [ 0.1396527   0.03317343  0.42559939 -0.15006528]]
[RiskManager] Veto at session 23: high_volatility = 0.2925
[RiskManager] Veto at session 27: high_volatility = 0.3907
[RiskManager] Veto at session 39: high_volatility = 0.3017
[RiskManager] Veto at session 43: high_volatility = 0.3234
[RiskManager] Veto at session 47: high_volatility = 0.3943
[RiskManager] Veto at session 51: high_volatility = 0.3273
[RiskManager] Veto at session 62: high_volatility = 0.3103
[RiskManager] Veto at session 66: high_volatility = 0.2950
[RiskManager] Veto at session 70: high_volatility = 0.3222
[RiskManager] Veto at session 77: high_volatility = 0.1699
[RiskManager] Veto at session 81: high_volatility = 0.1568
[RiskManager] Veto at session 85: high_volatility = 0.3501
[RiskManager] Veto at session 97: high_volatility = 0.1894
HMM state mapping: {1: 'volatile', 2: 'trending', 0: 'mean_reverting'}
Emission means:
[[ 0.00784052  0.03364667  0.3027999  -0.25900463]
 [ 0.00352364  0.10874227  0.84842839 -0.31417727]
 [ 0.10600165  0.03284718  0.40700569 -0.09776348]]
[RiskManager] Veto at session 26: high_volatility = 0.3086
[RiskManager] Veto at session 32: high_volatility = 0.3436
HMM state mapping: {1: 'volatile', 0: 'trending', 2: 'mean_reverting'}
Emission means:
[[ 0.06502954  0.03240648  0.36994313 -0.08375777]
 [ 0.00352365  0.10874227  0.84842838 -0.31417726]
 [ 0.0020287   0.0328579   0.29323808 -0.29574702]]
[MetaLearner] Retrained at session 15 (error_rate=0.80)
HMM state mapping: {1: 'volatile', 2: 'trending', 0: 'mean_reverting'}
Emission means:
[[ 0.00352365  0.10874226  0.84842837 -0.31417726]
 [ 0.11027873  0.14419381  3.3728104  -0.31116297]
 [ 0.05024946  0.03251239  0.35194803 -0.13349072]]
[MetaLearner] Retrained at session 25 (error_rate=0.67)
[RiskManager] Veto at session 48: high_volatility = 0.2635
HMM state mapping: {1: 'volatile', 0: 'trending', 2: 'mean_reverting'}
Emission means:
[[ 0.04236202  0.03173858  0.33644163 -0.12834282]
 [ 0.11027873  0.14419381  3.3728104  -0.31116297]
 [ 0.00352366  0.10874226  0.84842835 -0.31417725]]
[MetaLearner] Retrained at session 35 (error_rate=1.00)
HMM state mapping: {1: 'volatile', 0: 'trending', 2: 'mean_reverting'}
Emission means:
[[ 0.04561315  0.03136128  0.33581823 -0.12686885]
 [ 0.11027873  0.14419381  3.3728104  -0.31116297]
 [ 0.00352366  0.10874226  0.84842836 -0.31417725]]
[MetaLearner] Retrained at session 45 (error_rate=0.47)
HMM state mapping: {1: 'volatile', 0: 'trending', 2: 'mean_reverting'}
Emission means:
[[ 4.56134823e-02  3.13612270e-02  3.35818390e-01 -1.26865716e-01]
 [ 1.10278726e-01  1.44193811e-01  3.37281040e+00 -3.11162969e-01]
 [ 3.15425260e-03  1.11891649e-01  9.04104694e-01 -3.32483928e-01]]
[MetaLearner] Retrained at session 55 (error_rate=0.47)
HMM state mapping: {1: 'volatile', 0: 'trending', 2: 'mean_reverting'}
Emission means:
[[ 4.80921716e-02  3.12105403e-02  3.37144187e-01 -1.25591460e-01]
 [ 1.10278726e-01  1.44193811e-01  3.37281040e+00 -3.11162969e-01]
 [ 3.15388645e-03  1.11892014e-01  9.04107116e-01 -3.32484470e-01]]
[MetaLearner] Retrained at session 65 (error_rate=0.53)
[RiskManager] Veto at session 94: high_volatility = 0.2632
HMM state mapping: {2: 'volatile', 1: 'trending', 0: 'mean_reverting'}
Emission means:
[[-0.00637967  0.10588006  0.83627401 -0.32921694]
 [ 0.04810107  0.03120999  0.33715293 -0.12555603]
 [ 0.11027873  0.14419381  3.3728104  -0.31116297]]
[MetaLearner] Retrained at session 75 (error_rate=0.27)
[RiskManager] Veto at session 98: high_volatility = 0.3937
HMM state mapping: {1: 'volatile', 0: 'trending', 2: 'mean_reverting'}
Emission means:
[[ 0.14538509  0.03332691  0.44992114 -0.17998435]
 [-0.00625949  0.10415026  0.82895452 -0.27481093]
 [-0.00362467  0.0329042   0.29726095 -0.1526052 ]]
[RiskManager] Veto at session 26: high_volatility = 0.1722
[RiskManager] Veto at session 30: high_volatility = 0.2312
[RiskManager] Veto at session 40: high_volatility = 0.1563
[RiskManager] Veto at session 44: high_volatility = 0.2874
[RiskManager] Veto at session 48: high_volatility = 0.3186
[RiskManager] Veto at session 52: high_volatility = 0.3572
[RiskManager] Veto at session 69: high_volatility = 0.1551
[RiskManager] Veto at session 73: high_volatility = 0.1550
[RiskManager] Veto at session 80: high_volatility = 0.1591
[RiskManager] Veto at session 95: high_volatility = 0.3059
[RiskManager] Veto at session 99: high_volatility = 0.3254
HMM state mapping: {1: 'volatile', 2: 'trending', 0: 'mean_reverting'}
Emission means:
[[ 0.0101334   0.03044681  0.28422072 -0.14618708]
 [-0.01696546  0.10244635  0.82344391 -0.2967218 ]
 [ 0.14029423  0.03366144  0.44261425 -0.13714693]]
[RiskManager] Veto at session 23: high_volatility = 0.1543
[RiskManager] Veto at session 27: high_volatility = 0.1648
[RiskManager] Veto at session 46: high_volatility = 0.1734
[RiskManager] Veto at session 51: high_volatility = 0.3395
HMM state mapping: {1: 'volatile', 2: 'trending', 0: 'mean_reverting'}
Emission means:
[[ 0.01038887  0.02937122  0.29725903 -0.12797999]
 [-0.01792402  0.10450656  0.81861717 -0.29496672]
 [ 0.14088113  0.03348974  0.44151483 -0.13502266]]
[MetaLearner] Retrained at session 32 (error_rate=0.53)
[RiskManager] Veto at session 55: high_volatility = 0.3745
HMM state mapping: {1: 'volatile', 0: 'trending', 2: 'mean_reverting'}
Emission means:
[[ 0.13882705  0.03377412  0.43861052 -0.15082611]
 [-0.01859522  0.10341642  0.81601718 -0.30696309]
 [ 0.01672327  0.02918979  0.29556681 -0.13793742]]
[MetaLearner] Retrained at session 46 (error_rate=0.53)
[RiskManager] Veto at session 68: high_volatility = 0.2063
[RiskManager] Veto at session 72: high_volatility = 0.2420
[RiskManager] Veto at session 76: high_volatility = 0.3336
HMM state mapping: {0: 'volatile', 2: 'trending', 1: 'mean_reverting'}
Emission means:
[[-0.01395691  0.10340136  0.7956251  -0.30580262]
 [ 0.00772085  0.02842789  0.29135682 -0.14372175]
 [ 0.13710993  0.03212438  0.41573207 -0.17947633]]
[MetaLearner] Retrained at session 56 (error_rate=0.53)
[RiskManager] Veto at session 97: high_volatility = 0.1703
HMM state mapping: {1: 'volatile', 0: 'trending', 2: 'mean_reverting'}
Emission means:
[[ 0.14058868  0.03149066  0.3999012  -0.22478976]
 [ 0.01100133  0.11497905  0.87822968 -0.29427262]
 [-0.00128057  0.03293978  0.33177547 -0.15028862]]
[RiskManager] Veto at session 22: high_volatility = 0.3053
[RiskManager] Veto at session 28: high_volatility = 0.1606
[RiskManager] Veto at session 32: high_volatility = 0.1572
[RiskManager] Veto at session 36: high_volatility = 0.3103
[RiskManager] Veto at session 40: high_volatility = 0.3166
[RiskManager] Veto at session 45: high_volatility = 0.3957
[RiskManager] Veto at session 58: high_volatility = 0.3987
[RiskManager] Veto at session 66: high_volatility = 0.3305
[RiskManager] Veto at session 74: high_volatility = 0.3008
[RiskManager] Veto at session 81: high_volatility = 0.2958
[RiskManager] Veto at session 90: high_volatility = 0.3081
HMM state mapping: {1: 'volatile', 2: 'trending', 0: 'mean_reverting'}
Emission means:
[[ 9.15052951e-17  1.37150373e-16  1.43091659e-15 -4.97135700e-16]
 [ 2.95822956e-02  1.07421783e-01  8.75453855e-01 -3.17731073e-01]
 [ 4.66892807e-02  3.08014443e-02  3.45351475e-01 -1.35117567e-01]]
[MetaLearner] Retrained at session 73 (error_rate=0.67)
HMM state mapping: {1: 'volatile', 2: 'trending', 0: 'mean_reverting'}
Emission means:
[[-6.06530490e-60  8.96623732e-60  6.92778815e-59 -6.49399179e-60]
 [-1.58828066e-02  8.51659936e-02  6.40805547e-01 -2.82117106e-01]
 [-2.40460010e-02  3.55467954e-02  2.74653301e-01 -2.57455373e-02]]
[RiskManager] Veto at session 28: high_volatility = 0.1505
[RiskManager] Veto at session 32: high_volatility = 0.1703
HMM state mapping: {1: 'volatile', 2: 'trending', 0: 'mean_reverting'}
Emission means:
[[-1.29991818e-69  1.92200444e-69  1.48518156e-68 -1.39167375e-69]
 [-2.30518833e-02  9.56436862e-02  7.79161667e-01 -2.80177809e-01]
 [-2.04225593e-03  3.30651915e-02  3.13725475e-01 -3.22287523e-02]]
[MetaLearner] Retrained at session 15 (error_rate=0.87)
[RiskManager] Veto at session 38: high_volatility = 0.1637
[RiskManager] Veto at session 43: high_volatility = 0.1654
[RiskManager] Veto at session 52: high_volatility = 0.1515
HMM state mapping: {1: 'volatile', 2: 'trending', 0: 'mean_reverting'}
Emission means:
[[-5.54468135e-64  8.22549423e-64  6.40600802e-63 -5.92676067e-64]
 [-1.19871598e-02  1.01739313e-01  8.15901721e-01 -2.97812535e-01]
 [ 6.15527385e-02  3.04047992e-02  3.39772780e-01 -4.83783012e-02]]
[MetaLearner] Retrained at session 37 (error_rate=0.27)
HMM state mapping: {1: 'volatile', 2: 'trending', 0: 'mean_reverting'}
Emission means:
[[-1.56968051e-69  2.35469544e-69  1.87218658e-68 -1.66899508e-69]
 [-1.19872303e-02  1.01739256e-01  8.15901291e-01 -2.97812481e-01]
 [ 5.36528957e-02  3.00681651e-02  3.34010355e-01 -6.08685029e-02]]
[MetaLearner] Retrained at session 47 (error_rate=0.73)
[RiskManager] Veto at session 71: high_volatility = 0.2074
HMM state mapping: {1: 'volatile', 2: 'trending', 0: 'mean_reverting'}
Emission means:
[[-8.69717118e-65  1.28568806e-64  9.93390447e-64 -9.31187453e-65]
 [-1.19869897e-02  1.01739202e-01  8.15901081e-01 -2.97812609e-01]
 [ 7.37076140e-02  3.01035244e-02  3.50578703e-01 -8.47570925e-02]]
[MetaLearner] Retrained at session 57 (error_rate=0.53)
[RiskManager] Veto at session 86: high_volatility = 0.1669
[RiskManager] Veto at session 91: high_volatility = 0.1664
HMM state mapping: {1: 'volatile', 0: 'trending', 2: 'mean_reverting'}
Emission means:
[[ 6.45133511e-02  3.08316099e-02  3.43560062e-01 -8.47030506e-02]
 [-7.18520618e-03  1.03890770e-01  8.30702484e-01 -2.91655152e-01]
 [-1.06259603e-39  1.57081768e-39  1.21369664e-38 -1.13769876e-39]]
[MetaLearner] Retrained at session 72 (error_rate=0.27)
HMM state mapping: {1: 'volatile', 2: 'trending', 0: 'mean_reverting'}
Emission means:
[[ 0.02283783  0.03096748  0.31044148 -0.20734329]
 [-0.02345526  0.10240851  0.85361419 -0.26594633]
 [ 0.11221998  0.03062201  0.37730984 -0.03645035]]
[RiskManager] Veto at session 22: high_volatility = 0.3053
[RiskManager] Veto at session 28: high_volatility = 0.1606
[RiskManager] Veto at session 32: high_volatility = 0.1572
[RiskManager] Veto at session 36: high_volatility = 0.2648
[RiskManager] Veto at session 41: high_volatility = 0.3039
[RiskManager] Veto at session 45: high_volatility = 0.3197
HMM state mapping: {1: 'volatile', 2: 'trending', 0: 'mean_reverting'}
Emission means:
[[ 0.00344401  0.03046584  0.29355887 -0.12852889]
 [-0.01609652  0.10766909  0.87102702 -0.29233239]
 [ 0.13476183  0.03078113  0.39096857 -0.11351997]]
[MetaLearner] Retrained at session 26 (error_rate=0.53)
[RiskManager] Veto at session 49: high_volatility = 0.4078
[RiskManager] Veto at session 53: high_volatility = 0.3861
[RiskManager] Veto at session 58: high_volatility = 0.1670
[RiskManager] Veto at session 62: high_volatility = 0.1966
[RiskManager] Veto at session 66: high_volatility = 0.3673
[RiskManager] Veto at session 70: high_volatility = 0.3490
[RiskManager] Veto at session 76: high_volatility = 0.1655
[RiskManager] Veto at session 87: high_volatility = 0.1595
HMM state mapping: {1: 'volatile', 2: 'trending', 0: 'mean_reverting'}
Emission means:
[[ 0.00231558  0.03067766  0.30943952 -0.14061715]
 [ 0.01337534  0.10180716  0.83014802 -0.28607528]
 [ 0.14350358  0.03089255  0.41432636 -0.18026659]]
[RiskManager] Veto at session 26: high_volatility = 0.1852
[RiskManager] Veto at session 30: high_volatility = 0.2552
[RiskManager] Veto at session 34: high_volatility = 0.3578
[RiskManager] Veto at session 38: high_volatility = 0.3140
[RiskManager] Veto at session 46: high_volatility = 0.3186
[RiskManager] Veto at session 52: high_volatility = 0.3165
[RiskManager] Veto at session 59: high_volatility = 0.2959
[RiskManager] Veto at session 69: high_volatility = 0.1600
[RiskManager] Veto at session 74: high_volatility = 0.1559
[RiskManager] Veto at session 78: high_volatility = 0.3538
[RiskManager] Veto at session 82: high_volatility = 0.3259
[RiskManager] Veto at session 86: high_volatility = 0.3507
HMM state mapping: {0: 'volatile', 2: 'trending', 1: 'mean_reverting'}
Emission means:
[[ 0.00757127  0.11099314  0.82881517 -0.2658588 ]
 [-0.00153916  0.03271346  0.30272188 -0.15489483]
 [ 0.14012469  0.03316852  0.45073883 -0.18880754]]
[RiskManager] Veto at session 22: high_volatility = 0.3124
[RiskManager] Veto at session 36: high_volatility = 0.1813
[RiskManager] Veto at session 41: high_volatility = 0.1551
[RiskManager] Veto at session 45: high_volatility = 0.3800
HMM state mapping: {0: 'volatile', 2: 'trending', 1: 'mean_reverting'}
Emission means:
[[ 0.00368893  0.11026765  0.82418271 -0.28415374]
 [ 0.00103688  0.03254962  0.29327662 -0.16276769]
 [ 0.14091604  0.03245402  0.43102086 -0.19714269]]
[MetaLearner] Retrained at session 25 (error_rate=0.27)
[RiskManager] Veto at session 49: high_volatility = 0.3215
[RiskManager] Veto at session 54: high_volatility = 0.1715
HMM state mapping: {1: 'volatile', 2: 'trending', 0: 'mean_reverting'}
Emission means:
[[ 0.00083276  0.03231587  0.29328977 -0.14560857]
 [-0.00511915  0.10724203  0.81121855 -0.29014807]
 [ 0.14091776  0.03245346  0.43101823 -0.19713868]]
[MetaLearner] Retrained at session 35 (error_rate=0.27)
[RiskManager] Veto at session 58: high_volatility = 0.3300
[RiskManager] Veto at session 62: high_volatility = 0.3418
HMM state mapping: {1: 'volatile', 0: 'trending', 2: 'mean_reverting'}
Emission means:
[[ 1.38005709e-01  3.24939676e-02  4.12403937e-01 -1.94327714e-01]
 [ 2.54498722e-04  1.07447904e-01  8.19943419e-01 -2.99679103e-01]
 [-6.03186438e-04  3.05678176e-02  2.74551128e-01 -1.23367765e-01]]
[MetaLearner] Retrained at session 47 (error_rate=0.27)
[RiskManager] Veto at session 71: high_volatility = 0.3345
[RiskManager] Veto at session 77: high_volatility = 0.3521
HMM state mapping: {1: 'volatile', 2: 'trending', 0: 'mean_reverting'}
Emission means:
[[ 5.81387925e-08  3.75948652e-07  3.54335695e-06 -7.46065761e-07]
 [ 5.25048556e-03  1.03376534e-01  8.13851458e-01 -3.10517181e-01]
 [ 3.41064409e-02  3.22532139e-02  3.19667119e-01 -1.37873557e-01]]
[MetaLearner] Retrained at session 57 (error_rate=0.40)
[RiskManager] Veto at session 83: high_volatility = 0.3598
HMM state mapping: {1: 'volatile', 2: 'trending', 0: 'mean_reverting'}
Emission means:
[[ 2.17484694e-14  1.40615300e-13  1.32513396e-12 -2.79269578e-13]
 [-2.99813282e-03  1.05207427e-01  8.20474035e-01 -3.09369280e-01]
 [ 2.74317273e-02  3.18934162e-02  3.11059581e-01 -1.33892181e-01]]
[MetaLearner] Retrained at session 67 (error_rate=0.33)
[RiskManager] Veto at session 92: high_volatility = 0.3215
HMM state mapping: {1: 'volatile', 2: 'trending', 0: 'mean_reverting'}
Emission means:
[[ 4.70499492e-17  3.04168575e-16  2.86643217e-15 -6.04131889e-16]
 [-2.99813282e-03  1.05207427e-01  8.20474035e-01 -3.09369280e-01]
 [ 8.89748180e-03  3.29042733e-02  3.03297789e-01 -1.30020195e-01]]
[MetaLearner] Retrained at session 77 (error_rate=0.40)
[RiskManager] Veto at session 99: high_volatility = 0.2955
HMM state mapping: {1: 'volatile', 2: 'trending', 0: 'mean_reverting'}
Emission means:
[[ 1.23813919e-37  1.74941048e-37  2.02441806e-36  4.88616581e-38]
 [-1.56568867e-02  1.05599985e-01  8.46665375e-01 -2.93093622e-01]
 [ 4.17186749e-02  2.90583251e-02  3.40169827e-01 -1.42455699e-01]]
[RiskManager] Veto at session 28: high_volatility = 0.3015
HMM state mapping: {1: 'volatile', 2: 'trending', 0: 'mean_reverting'}
Emission means:
[[ 1.80430949e-42  2.54937244e-42  2.95013416e-41  7.12048809e-43]
 [-1.79117253e-02  1.01001498e-01  8.63937721e-01 -2.91773108e-01]
 [ 4.17186749e-02  2.90583251e-02  3.40169827e-01 -1.42455699e-01]]
[MetaLearner] Retrained at session 15 (error_rate=0.53)
[RiskManager] Veto at session 37: high_volatility = 0.3671
[RiskManager] Veto at session 43: high_volatility = 0.2845
HMM state mapping: {1: 'volatile', 2: 'trending', 0: 'mean_reverting'}
Emission means:
[[ 2.89196996e-39  3.29554267e-38  3.27487509e-37 -1.11531216e-39]
 [-2.42798439e-02  1.04377139e-01  8.73858970e-01 -2.86368900e-01]
 [ 2.34292067e-02  3.04018609e-02  3.12753338e-01 -1.19070493e-01]]
[MetaLearner] Retrained at session 25 (error_rate=0.47)
[RiskManager] Veto at session 47: high_volatility = 0.3790
[RiskManager] Veto at session 53: high_volatility = 0.3703
HMM state mapping: {1: 'volatile', 2: 'trending', 0: 'mean_reverting'}
Emission means:
[[ 9.05814125e-45  1.00388036e-43  9.99400143e-43  1.43696801e-45]
 [-1.23472608e-02  1.03804606e-01  8.44847564e-01 -2.76195197e-01]
 [ 2.34292170e-02  3.04018608e-02  3.12753335e-01 -1.19070392e-01]]
[MetaLearner] Retrained at session 35 (error_rate=0.47)
[RiskManager] Veto at session 60: high_volatility = 0.3215
HMM state mapping: {1: 'volatile', 2: 'trending', 0: 'mean_reverting'}
Emission means:
[[ 3.82280274e-46  4.22857424e-45  4.21052953e-44  7.89805566e-47]
 [-1.56468979e-02  1.04445449e-01  8.38764479e-01 -2.84645369e-01]
 [ 1.49544401e-02  3.38583093e-02  3.25611967e-01 -1.03505560e-01]]
[MetaLearner] Retrained at session 45 (error_rate=0.53)
[RiskManager] Veto at session 67: high_volatility = 0.2973
HMM state mapping: {0: 'volatile', 2: 'trending', 1: 'mean_reverting'}
Emission means:
[[-1.13894022e-02  1.03283504e-01  8.44273889e-01 -2.71366012e-01]
 [ 3.03599000e-49  3.30634339e-48  3.29518520e-47  1.46103913e-49]
 [ 1.54549823e-02  3.50586719e-02  3.27459998e-01 -1.37558132e-01]]
[MetaLearner] Retrained at session 55 (error_rate=0.87)
[RiskManager] Veto at session 77: high_volatility = 0.2893
HMM state mapping: {1: 'volatile', 0: 'trending', 2: 'mean_reverting'}
Emission means:
[[ 1.54463676e-02  3.50560299e-02  3.27436772e-01 -1.37484485e-01]
 [-1.99033021e-02  1.00759130e-01  7.95699988e-01 -2.72050498e-01]
 [ 1.42103796e-45  1.55589435e-44  1.55016550e-43  5.50602972e-46]]
[MetaLearner] Retrained at session 65 (error_rate=0.87)
[RiskManager] Veto at session 87: high_volatility = 0.3541
HMM state mapping: {0: 'volatile', 2: 'trending', 1: 'mean_reverting'}
Emission means:
[[-1.97918685e-02  1.00713751e-01  7.95452094e-01 -2.72042349e-01]
 [ 3.59958054e-38  1.57412319e-37  1.45359189e-36 -3.27148210e-37]
 [ 6.15296150e-03  3.38320966e-02  3.18962430e-01 -1.12996301e-01]]
[MetaLearner] Retrained at session 75 (error_rate=0.93)
HMM state mapping: {1: 'volatile', 0: 'trending', 2: 'mean_reverting'}
Emission means:
[[ 0.14132699  0.02917895  0.43092232 -0.14543348]
 [-0.00216734  0.09576904  0.7872842  -0.30976004]
 [ 0.00822646  0.03239962  0.31085805 -0.09639064]]
[RiskManager] Veto at session 25: high_volatility = 0.1536
[RiskManager] Veto at session 30: high_volatility = 0.1618
[RiskManager] Veto at session 34: high_volatility = 0.3801
[RiskManager] Veto at session 38: high_volatility = 0.3205
[RiskManager] Veto at session 48: high_volatility = 0.2781
[RiskManager] Veto at session 55: high_volatility = 0.1756
[RiskManager] Veto at session 59: high_volatility = 0.3262
[RiskManager] Veto at session 63: high_volatility = 0.3875
[RiskManager] Veto at session 67: high_volatility = 0.3149
[RiskManager] Veto at session 72: high_volatility = 0.3310
[RiskManager] Veto at session 82: high_volatility = 0.1602
[RiskManager] Veto at session 86: high_volatility = 0.3578
[RiskManager] Veto at session 90: high_volatility = 0.3879
[RiskManager] Veto at session 94: high_volatility = 0.3507
HMM state mapping: {2: 'volatile', 0: 'trending', 1: 'mean_reverting'}
Emission means:
[[ 6.48029701e-02  3.24831269e-02  3.62411304e-01 -2.16591724e-01]
 [-1.16284327e-41  5.27802820e-41  4.41880418e-40 -3.83249926e-40]
 [-2.98708579e-02  1.05560071e-01  9.01401520e-01 -3.28253570e-01]]
[RiskManager] Veto at session 25: high_volatility = 0.3374
[RiskManager] Veto at session 31: high_volatility = 0.3760
HMM state mapping: {1: 'volatile', 0: 'trending', 2: 'mean_reverting'}
Emission means:
[[ 3.02137071e-02  4.58724499e-02  4.46635710e-01 -2.38370314e-01]
 [-4.54428213e-02  3.45196216e-01  3.16228574e+00 -4.99143112e-01]
 [-2.66882475e-04  2.32485291e-03  2.54963076e-02  3.66517502e-04]]
[MetaLearner] Retrained at session 15 (error_rate=0.53)
[RiskManager] Veto at session 36: high_volatility = 0.3452
HMM state mapping: {1: 'volatile', 0: 'trending', 2: 'mean_reverting'}
Emission means:
[[ 0.02386055  0.01860455  0.19824092 -0.11854845]
 [-0.04544282  0.34519622  3.16228574 -0.49914311]
 [-0.01910383  0.10356189  0.84913001 -0.29745553]]
[MetaLearner] Retrained at session 25 (error_rate=0.87)
[RiskManager] Veto at session 48: high_volatility = 0.2981
HMM state mapping: {2: 'volatile', 1: 'trending', 0: 'mean_reverting'}
Emission means:
[[-0.01910386  0.1035619   0.84913007 -0.29745556]
 [ 0.02509805  0.02080724  0.22154943 -0.11422538]
 [-0.04544282  0.34519622  3.16228574 -0.49914311]]
[MetaLearner] Retrained at session 35 (error_rate=0.80)
[RiskManager] Veto at session 65: high_volatility = 0.3343
[RiskManager] Veto at session 69: high_volatility = 0.3550
HMM state mapping: {2: 'volatile', 1: 'trending', 0: 'mean_reverting'}
Emission means:
[[-0.00713693  0.10257114  0.81841547 -0.30556688]
 [ 0.02144009  0.01940845  0.20623511 -0.10366394]
 [-0.04544282  0.34519622  3.16228574 -0.49914311]]
[MetaLearner] Retrained at session 52 (error_rate=0.53)
[RiskManager] Veto at session 74: high_volatility = 0.3299
HMM state mapping: {1: 'volatile', 0: 'trending', 2: 'mean_reverting'}
Emission means:
[[ 1.63982498e-02  1.98859932e-02  2.06096703e-01 -1.00055792e-01]
 [-4.54428213e-02  3.45196216e-01  3.16228574e+00 -4.99143112e-01]
 [ 2.13728653e-03  1.01924157e-01  8.01369329e-01 -2.94630820e-01]]
[MetaLearner] Retrained at session 62 (error_rate=0.80)
[RiskManager] Veto at session 87: high_volatility = 0.3361
[RiskManager] Veto at session 91: high_volatility = 0.3290
HMM state mapping: {0: 'volatile', 1: 'trending', 2: 'mean_reverting'}
Emission means:
[[-0.04544282  0.34519622  3.16228574 -0.49914311]
 [ 0.00842218  0.10199669  0.8051494  -0.30451516]
 [ 0.00774614  0.01833429  0.18715209 -0.07907022]]
[MetaLearner] Retrained at session 72 (error_rate=0.87)
[RiskManager] Veto at session 99: high_volatility = 0.3294
HMM state mapping: {2: 'volatile', 0: 'trending', 1: 'mean_reverting'}
Emission means:
[[ 0.07537062  0.03285142  0.38110846 -0.1874632 ]
 [ 0.00246913  0.0086543   0.07727551  0.00177415]
 [ 0.0194988   0.09728836  0.73145733 -0.28611464]]
[RiskManager] Veto at session 27: high_volatility = 0.3220
[RiskManager] Veto at session 34: high_volatility = 0.1744
[RiskManager] Veto at session 43: high_volatility = 0.3623
HMM state mapping: {2: 'volatile', 0: 'trending', 1: 'mean_reverting'}
Emission means:
[[ 0.08001451  0.03293973  0.38467417 -0.17243067]
 [ 0.00139057  0.00479948  0.04253571  0.00142468]
 [ 0.00394159  0.09871115  0.78145356 -0.29776852]]
[MetaLearner] Retrained at session 28 (error_rate=0.67)
[RiskManager] Veto at session 50: high_volatility = 0.3325
[RiskManager] Veto at session 56: high_volatility = 0.3024
HMM state mapping: {1: 'volatile', 2: 'trending', 0: 'mean_reverting'}
Emission means:
[[ 3.88135095e-17  1.14352128e-16  1.06703259e-15 -1.95131503e-16]
 [ 4.04723443e-03  9.86677434e-02  7.81262017e-01 -2.97758441e-01]
 [ 5.87047575e-02  3.18464974e-02  3.51452566e-01 -1.56983731e-01]]
[MetaLearner] Retrained at session 38 (error_rate=0.80)
[RiskManager] Veto at session 63: high_volatility = 0.3078
[RiskManager] Veto at session 71: high_volatility = 0.3311
HMM state mapping: {1: 'volatile', 2: 'trending', 0: 'mean_reverting'}
Emission means:
[[ 3.43620891e-20  1.01222618e-19  9.44523153e-19 -1.72680017e-19]
 [-2.05890140e-03  9.83385967e-02  8.00947650e-01 -3.14464491e-01]
 [ 6.92685607e-02  3.11402447e-02  3.58641974e-01 -1.60745214e-01]]
[MetaLearner] Retrained at session 69 (error_rate=0.67)
[RiskManager] Veto at session 96: high_volatility = 0.1553
HMM state mapping: {1: 'volatile', 2: 'trending', 0: 'mean_reverting'}
Emission means:
[[ 0.00612486  0.03218224  0.30257324 -0.1281012 ]
 [-0.01125686  0.10256565  0.83524602 -0.23781003]
 [ 0.14097941  0.03034218  0.42131115 -0.10047777]]
[RiskManager] Veto at session 22: high_volatility = 0.3053
[RiskManager] Veto at session 32: high_volatility = 0.1933
HMM state mapping: {1: 'volatile', 0: 'trending', 2: 'mean_reverting'}
Emission means:
[[ 0.08330846  0.03127935  0.3614268  -0.12283263]
 [ 0.07569193  0.34173305  2.88433991 -0.52877973]
 [-0.01214363  0.10691421  0.84942633 -0.27474925]]
[MetaLearner] Retrained at session 15 (error_rate=0.47)
[RiskManager] Veto at session 36: high_volatility = 0.3417
[RiskManager] Veto at session 42: high_volatility = 0.3291
HMM state mapping: {1: 'volatile', 2: 'trending', 0: 'mean_reverting'}
Emission means:
[[-1.45719978e-02  1.05486365e-01  8.37096641e-01 -2.90386912e-01]
 [ 8.04197644e-04  3.38645539e-01  2.62801716e+00 -6.04401398e-01]
 [ 8.73903423e-02  3.04412810e-02  3.55808225e-01 -1.12842159e-01]]
[MetaLearner] Retrained at session 25 (error_rate=0.47)
[RiskManager] Veto at session 46: high_volatility = 0.3356
[RiskManager] Veto at session 50: high_volatility = 0.3247
HMM state mapping: {2: 'volatile', 1: 'trending', 0: 'mean_reverting'}
Emission means:
[[-3.59437510e-03  1.04963667e-01  8.20994685e-01 -3.02088926e-01]
 [ 9.35260356e-02  2.95576632e-02  3.54598381e-01 -1.18762427e-01]
 [ 8.04197644e-04  3.38645539e-01  2.62801716e+00 -6.04401398e-01]]
[MetaLearner] Retrained at session 35 (error_rate=0.53)
[RiskManager] Veto at session 61: high_volatility = 0.3162
[RiskManager] Veto at session 65: high_volatility = 0.3694
HMM state mapping: {1: 'volatile', 2: 'trending', 0: 'mean_reverting'}
Emission means:
[[-3.46243928e-03  1.05118394e-01  8.19445038e-01 -2.91430886e-01]
 [ 8.04197644e-04  3.38645539e-01  2.62801716e+00 -6.04401398e-01]
 [ 9.92581560e-02  2.92742979e-02  3.52720921e-01 -1.20585686e-01]]
[MetaLearner] Retrained at session 45 (error_rate=0.53)
[RiskManager] Veto at session 69: high_volatility = 0.2318
[RiskManager] Veto at session 73: high_volatility = 0.3116
HMM state mapping: {2: 'volatile', 0: 'trending', 1: 'mean_reverting'}
Emission means:
[[ 1.07118530e-01  2.94672120e-02  3.49309984e-01 -1.09993364e-01]
 [-1.05875820e-03  1.04938252e-01  8.09599099e-01 -3.03465746e-01]
 [ 8.04197644e-04  3.38645539e-01  2.62801716e+00 -6.04401398e-01]]
[MetaLearner] Retrained at session 55 (error_rate=0.73)
[RiskManager] Veto at session 77: high_volatility = 0.2723
HMM state mapping: {0: 'volatile', 2: 'trending', 1: 'mean_reverting'}
Emission means:
[[ 8.04197644e-04  3.38645539e-01  2.62801716e+00 -6.04401398e-01]
 [-4.48149673e-04  1.03901476e-01  7.97536319e-01 -3.05376770e-01]
 [ 8.85655174e-02  2.97162024e-02  3.31194664e-01 -1.26877265e-01]]
[MetaLearner] Retrained at session 65 (error_rate=0.87)
HMM state mapping: {0: 'volatile', 2: 'trending', 1: 'mean_reverting'}
Emission means:
[[ 0.02166709  0.10055444  0.73486442 -0.24601879]
 [-0.00328261  0.03186945  0.30385687 -0.11700148]
 [ 0.14069053  0.02997123  0.40278405 -0.16445929]]
[RiskManager] Veto at session 23: high_volatility = 0.1510
[RiskManager] Veto at session 27: high_volatility = 0.2638
HMM state mapping: {1: 'volatile', 0: 'trending', 2: 'mean_reverting'}
Emission means:
[[ 0.06597421  0.0306702   0.3532398  -0.14829329]
 [ 0.00342807  0.19474504  3.19307752 -0.40185388]
 [ 0.02167061  0.10055266  0.73485766 -0.24601533]]
[MetaLearner] Retrained at session 25 (error_rate=0.53)
[RiskManager] Veto at session 46: high_volatility = 0.1947
[RiskManager] Veto at session 50: high_volatility = 0.3082
[RiskManager] Veto at session 54: high_volatility = 0.3413
HMM state mapping: {1: 'volatile', 0: 'trending', 2: 'mean_reverting'}
Emission means:
[[ 0.06229476  0.03059856  0.34675336 -0.15105797]
 [ 0.00342807  0.19474504  3.19307752 -0.40185388]
 [ 0.00852794  0.10485809  0.78927068 -0.27354894]]
[MetaLearner] Retrained at session 35 (error_rate=0.87)
[RiskManager] Veto at session 58: high_volatility = 0.3035
HMM state mapping: {1: 'volatile', 0: 'trending', 2: 'mean_reverting'}
Emission means:
[[ 0.0725984   0.03047481  0.35880876 -0.13860433]
 [ 0.00342807  0.19474504  3.19307752 -0.40185388]
 [ 0.00860429  0.1038111   0.78155049 -0.27253587]]
[MetaLearner] Retrained at session 53 (error_rate=0.53)
[RiskManager] Veto at session 77: high_volatility = 0.4229
[RiskManager] Veto at session 87: high_volatility = 0.3721
[RiskManager] Veto at session 91: high_volatility = 0.3527
[RiskManager] Veto at session 95: high_volatility = 0.2574
HMM state mapping: {0: 'volatile', 2: 'trending', 1: 'mean_reverting'}
Emission means:
[[ 0.00342807  0.19474504  3.19307752 -0.40185388]
 [ 0.0050361   0.09752448  0.78821979 -0.28333628]
 [ 0.07386902  0.03075728  0.36026368 -0.13846446]]
[MetaLearner] Retrained at session 75 (error_rate=0.53)
HMM state mapping: {1: 'volatile', 0: 'trending', 2: 'mean_reverting'}
Emission means:
[[ 0.14355047  0.03210228  0.44269516 -0.11672339]
 [-0.0046595   0.10310415  0.85038928 -0.26474464]
 [ 0.00413992  0.02888829  0.29572684 -0.16026285]]
[RiskManager] Veto at session 22: high_volatility = 0.3713
[RiskManager] Veto at session 34: high_volatility = 0.2900
[RiskManager] Veto at session 38: high_volatility = 0.2815
[RiskManager] Veto at session 42: high_volatility = 0.3190
HMM state mapping: {1: 'volatile', 0: 'trending', 2: 'mean_reverting'}
Emission means:
[[ 0.07515596  0.0301085   0.35274214 -0.13557258]
 [-0.02803634  0.2961489   2.84072315 -0.47060347]
 [-0.0046595   0.10310415  0.85038928 -0.26474464]]
[MetaLearner] Retrained at session 25 (error_rate=0.40)
[RiskManager] Veto at session 46: high_volatility = 0.2961
[RiskManager] Veto at session 50: high_volatility = 0.3082
[RiskManager] Veto at session 54: high_volatility = 0.3047
HMM state mapping: {2: 'volatile', 1: 'trending', 0: 'mean_reverting'}
Emission means:
[[-0.00432175  0.10386226  0.80372053 -0.28765321]
 [ 0.07418358  0.02892572  0.34506804 -0.1353356 ]
 [-0.02803634  0.2961489   2.84072315 -0.47060347]]
[MetaLearner] Retrained at session 35 (error_rate=0.60)
[RiskManager] Veto at session 58: high_volatility = 0.3683
[RiskManager] Veto at session 62: high_volatility = 0.3047
HMM state mapping: {1: 'volatile', 0: 'trending', 2: 'mean_reverting'}
Emission means:
[[ 6.68105515e-02  2.91237202e-02  3.34163639e-01 -1.48980334e-01]
 [-2.80363442e-02  2.96148898e-01  2.84072315e+00 -4.70603472e-01]
 [ 2.39982731e-03  1.02751333e-01  8.00433440e-01 -2.85541679e-01]]
[MetaLearner] Retrained at session 45 (error_rate=0.87)
[RiskManager] Veto at session 72: high_volatility = 0.3305
HMM state mapping: {1: 'volatile', 0: 'trending', 2: 'mean_reverting'}
Emission means:
[[ 0.0658694   0.02911515  0.33191963 -0.14391776]
 [-0.0541129   0.32099679  2.76642224 -0.55454463]
 [ 0.00858597  0.1061971   0.82265036 -0.28121755]]
[MetaLearner] Retrained at session 55 (error_rate=0.87)
[RiskManager] Veto at session 76: high_volatility = 0.3458
HMM state mapping: {0: 'volatile', 1: 'trending', 2: 'mean_reverting'}
Emission means:
[[-0.0541129   0.32099679  2.76642224 -0.55454463]
 [ 0.06407194  0.02941882  0.33665952 -0.12635634]
 [ 0.0031037   0.10703451  0.81751867 -0.28236662]]
[MetaLearner] Retrained at session 65 (error_rate=0.87)
[RiskManager] Veto at session 94: high_volatility = 0.3932
HMM state mapping: {1: 'volatile', 2: 'trending', 0: 'mean_reverting'}
Emission means:
[[ 1.36131785e-03  1.08564816e-01  8.33530842e-01 -2.70158426e-01]
 [-5.41128984e-02  3.20996788e-01  2.76642224e+00 -5.54544628e-01]
 [ 5.82559758e-02  2.96905364e-02  3.29493620e-01 -1.29314743e-01]]
[MetaLearner] Retrained at session 75 (error_rate=0.93)
[RiskManager] Veto at session 99: high_volatility = 0.3098
HMM state mapping: {1: 'volatile', 0: 'trending', 2: 'mean_reverting'}
Emission means:
[[ 0.08236254  0.03149726  0.36836531 -0.13218709]
 [ 0.00322567  0.10647343  0.82293174 -0.26409814]
 [ 0.00819602  0.01890928  0.18231954  0.00546708]]
HMM state mapping: {1: 'volatile', 0: 'trending', 2: 'mean_reverting'}
Emission means:
[[ 0.08373817  0.03152517  0.36914206 -0.13488559]
 [ 0.00322669  0.10647337  0.8229309  -0.26409637]
 [ 0.00643794  0.01449822  0.14231285  0.00357977]]
[MetaLearner] Retrained at session 15 (error_rate=0.93)
[RiskManager] Veto at session 39: high_volatility = 0.3406
[RiskManager] Veto at session 45: high_volatility = 0.3241
HMM state mapping: {1: 'volatile', 0: 'trending', 2: 'mean_reverting'}
Emission means:
[[ 5.69548072e-02  3.15851240e-02  3.54436586e-01 -1.06773710e-01]
 [ 3.22692489e-03  1.06473302e-01  8.22930460e-01 -2.64095998e-01]
 [ 4.10766692e-10  2.67710537e-10  2.79941062e-09 -4.99754576e-10]]
[MetaLearner] Retrained at session 25 (error_rate=0.53)
HMM state mapping: {0: 'volatile', 2: 'trending', 1: 'mean_reverting'}
Emission means:
[[ 0.00322693  0.10647331  0.8229305  -0.26409599]
 [ 0.00245539  0.00808257  0.07480922  0.00132819]
 [ 0.06182824  0.03143935  0.35993681 -0.11627947]]
[MetaLearner] Retrained at session 35 (error_rate=0.60)
[RiskManager] Veto at session 57: high_volatility = 0.2970
[RiskManager] Veto at session 62: high_volatility = 0.1692
HMM state mapping: {1: 'volatile', 2: 'trending', 0: 'mean_reverting'}
Emission means:
[[ 0.00257873  0.00798245  0.07851893  0.0013289 ]
 [ 0.01513992  0.10593687  0.81258291 -0.27473208]
 [ 0.06532176  0.03160876  0.3635144  -0.12446142]]
[MetaLearner] Retrained at session 45 (error_rate=0.53)
[RiskManager] Veto at session 70: high_volatility = 0.3485
HMM state mapping: {1: 'volatile', 2: 'trending', 0: 'mean_reverting'}
Emission means:
[[ 7.84524631e-16  8.45007071e-15  8.42685453e-14  5.24743956e-16]
 [ 1.51399172e-02  1.05936875e-01  8.12582920e-01 -2.74732091e-01]
 [ 7.44086449e-02  3.05722507e-02  3.59151665e-01 -1.08604510e-01]]
[MetaLearner] Retrained at session 55 (error_rate=0.47)
[RiskManager] Veto at session 79: high_volatility = 0.1591
HMM state mapping: {1: 'volatile', 0: 'trending', 2: 'mean_reverting'}
Emission means:
[[ 6.89601404e-02  2.97735644e-02  3.42479811e-01 -1.09413124e-01]
 [ 1.19017659e-02  1.07141503e-01  8.30398582e-01 -2.73243749e-01]
 [ 4.07228665e-16  4.35838823e-15  4.34649959e-14  2.71894746e-16]]
[MetaLearner] Retrained at session 65 (error_rate=0.53)
[RiskManager] Veto at session 91: high_volatility = 0.1624
HMM state mapping: {1: 'volatile', 0: 'trending', 2: 'mean_reverting'}
Emission means:
[[ 0.05341135  0.02224244  0.25848955 -0.08017247]
 [-0.08060788  0.14964498  2.23576609 -0.4316223 ]
 [ 0.01656981  0.11096872  0.83180882 -0.29400016]]
[MetaLearner] Retrained at session 75 (error_rate=0.53)
[RiskManager] Veto at session 98: high_volatility = 0.3149
HMM state mapping: {0: 'volatile', 2: 'trending', 1: 'mean_reverting'}
Emission means:
[[-0.01177721  0.10684861  0.8468286  -0.24783232]
 [ 0.00461189  0.03226604  0.31309314 -0.14222247]
 [ 0.13893025  0.03181455  0.43914334 -0.15101499]]
[RiskManager] Veto at session 22: high_volatility = 0.3633
[RiskManager] Veto at session 29: high_volatility = 0.3291
[RiskManager] Veto at session 33: high_volatility = 0.3612
[RiskManager] Veto at session 37: high_volatility = 0.3215
[RiskManager] Veto at session 41: high_volatility = 0.3420
[RiskManager] Veto at session 47: high_volatility = 0.1835
[RiskManager] Veto at session 51: high_volatility = 0.1553
[RiskManager] Veto at session 55: high_volatility = 0.3585
[RiskManager] Veto at session 59: high_volatility = 0.3968
[RiskManager] Veto at session 63: high_volatility = 0.1837
[RiskManager] Veto at session 67: high_volatility = 0.1623
[RiskManager] Veto at session 90: high_volatility = 0.1526
[RiskManager] Veto at session 97: high_volatility = 0.3409
HMM state mapping: {0: 'volatile', 1: 'trending', 2: 'mean_reverting'}
Emission means:
[[ 0.00211857  0.0978218   0.80285132 -0.27270182]
 [ 0.14581465  0.03001866  0.41404004 -0.13763796]
 [-0.00105816  0.03276764  0.30434604 -0.17267068]]
[RiskManager] Veto at session 22: high_volatility = 0.3628
[RiskManager] Veto at session 28: high_volatility = 0.1740
[RiskManager] Veto at session 32: high_volatility = 0.3231
[RiskManager] Veto at session 36: high_volatility = 0.3634
HMM state mapping: {1: 'volatile', 0: 'trending', 2: 'mean_reverting'}
Emission means:
[[ 0.04407274  0.03173061  0.3450651  -0.13428916]
 [-0.02263714  0.34215975  3.29664453 -0.58667564]
 [-0.00760099  0.10161089  0.82755754 -0.29827538]]
[MetaLearner] Retrained at session 19 (error_rate=0.27)
[RiskManager] Veto at session 40: high_volatility = 0.3422
[RiskManager] Veto at session 44: high_volatility = 0.3428
[RiskManager] Veto at session 49: high_volatility = 0.3296
HMM state mapping: {1: 'volatile', 2: 'trending', 0: 'mean_reverting'}
Emission means:
[[ 0.01287814  0.10642382  0.8466509  -0.29209716]
 [-0.02263714  0.34215975  3.29664453 -0.58667564]
 [ 0.04209999  0.03159643  0.34391352 -0.13111235]]
[MetaLearner] Retrained at session 29 (error_rate=0.67)
[RiskManager] Veto at session 53: high_volatility = 0.4041
HMM state mapping: {2: 'volatile', 1: 'trending', 0: 'mean_reverting'}
Emission means:
[[ 0.00453419  0.10814544  0.86119775 -0.2894647 ]
 [ 0.04083614  0.0317957   0.34106702 -0.12531354]
 [-0.02263714  0.34215975  3.29664453 -0.58667564]]
[MetaLearner] Retrained at session 39 (error_rate=0.60)
HMM state mapping: {2: 'volatile', 0: 'trending', 1: 'mean_reverting'}
Emission means:
[[ 0.04077656  0.031334    0.3416802  -0.11353967]
 [ 0.00453419  0.10814544  0.86119775 -0.2894647 ]
 [-0.02263714  0.34215975  3.29664453 -0.58667564]]
[MetaLearner] Retrained at session 49 (error_rate=0.73)
[RiskManager] Veto at session 73: high_volatility = 0.3449
[RiskManager] Veto at session 77: high_volatility = 0.3287
HMM state mapping: {2: 'volatile', 0: 'trending', 1: 'mean_reverting'}
Emission means:
[[ 0.02483107  0.03151564  0.33108388 -0.10388089]
 [ 0.01105504  0.11065561  0.8720598  -0.30002531]
 [-0.02263714  0.34215975  3.29664453 -0.58667564]]
[MetaLearner] Retrained at session 59 (error_rate=0.87)
[RiskManager] Veto at session 82: high_volatility = 0.3453
HMM state mapping: {1: 'volatile', 2: 'trending', 0: 'mean_reverting'}
Emission means:
[[ 0.00689858  0.11167837  0.87097132 -0.30208064]
 [-0.02263714  0.34215975  3.29664453 -0.58667564]
 [ 0.05023423  0.031961    0.35762572 -0.11033478]]
[MetaLearner] Retrained at session 69 (error_rate=0.40)
HMM state mapping: {2: 'volatile', 1: 'trending', 0: 'mean_reverting'}
Emission means:
[[ 0.01220234  0.11080986  0.8661586  -0.29839599]
 [ 0.04846006  0.03173353  0.3537956  -0.11094543]
 [-0.02263714  0.34215975  3.29664453 -0.58667564]]
[MetaLearner] Retrained at session 79 (error_rate=0.53)
HMM state mapping: {0: 'volatile', 1: 'trending', 2: 'mean_reverting'}
Emission means:
[[-0.01482054  0.10735392  0.85053306 -0.29886659]
 [ 0.13075021  0.03255274  0.42587619 -0.13910454]
 [ 0.00778244  0.03337539  0.30413786 -0.17318019]]
[RiskManager] Veto at session 23: high_volatility = 0.3267
[RiskManager] Veto at session 27: high_volatility = 0.3907
[RiskManager] Veto at session 31: high_volatility = 0.3421
HMM state mapping: {0: 'volatile', 2: 'trending', 1: 'mean_reverting'}
Emission means:
[[-0.01482054  0.10735392  0.85053306 -0.29886659]
 [ 0.00568266  0.03352871  0.30825843 -0.15538959]
 [ 0.13507791  0.03202894  0.42806051 -0.15345321]]
[MetaLearner] Retrained at session 15 (error_rate=0.40)
[RiskManager] Veto at session 51: high_volatility = 0.1787
[RiskManager] Veto at session 55: high_volatility = 0.3642
[RiskManager] Veto at session 59: high_volatility = 0.3416
[RiskManager] Veto at session 71: high_volatility = 0.1807
[RiskManager] Veto at session 79: high_volatility = 0.1594
[RiskManager] Veto at session 83: high_volatility = 0.1734
[RiskManager] Veto at session 89: high_volatility = 0.1667
[RiskManager] Veto at session 99: high_volatility = 0.3263
HMM state mapping: {0: 'volatile', 2: 'trending', 1: 'mean_reverting'}
Emission means:
[[-0.00677689  0.10886828  0.83664086 -0.28290409]
 [-0.00360674  0.03290117  0.29837996 -0.19929169]
 [ 0.12233241  0.0298261   0.38024439 -0.07742292]]
[RiskManager] Veto at session 22: high_volatility = 0.3713
[RiskManager] Veto at session 38: high_volatility = 0.1545
[RiskManager] Veto at session 42: high_volatility = 0.2880
[RiskManager] Veto at session 46: high_volatility = 0.3721
[RiskManager] Veto at session 62: high_volatility = 0.1573
[RiskManager] Veto at session 68: high_volatility = 0.2052
HMM state mapping: {1: 'volatile', 0: 'trending', 2: 'mean_reverting'}
Emission means:
[[ 7.22258704e-02  3.16276311e-02  3.42076886e-01 -1.46004014e-01]
 [-6.11029075e-04  1.52750610e-01  2.12108559e+00 -4.69898227e-01]
 [-3.91899313e-03  1.07109315e-01  8.18328283e-01 -2.97799923e-01]]
[MetaLearner] Retrained at session 53 (error_rate=0.27)
[RiskManager] Veto at session 74: high_volatility = 0.1528
HMM state mapping: {1: 'volatile', 0: 'trending', 2: 'mean_reverting'}
Emission means:
[[ 5.67744162e-02  3.09196099e-02  3.27680708e-01 -1.38301253e-01]
 [-6.11029075e-04  1.52750610e-01  2.12108559e+00 -4.69898227e-01]
 [-3.85633989e-03  1.09907709e-01  8.28149539e-01 -3.01941473e-01]]
[MetaLearner] Retrained at session 63 (error_rate=0.80)
[RiskManager] Veto at session 87: high_volatility = 0.1600
HMM state mapping: {1: 'volatile', 0: 'trending', 2: 'mean_reverting'}
Emission means:
[[ 5.72838142e-02  3.13063735e-02  3.33399160e-01 -1.28769324e-01]
 [-6.11029075e-04  1.52750610e-01  2.12108559e+00 -4.69898227e-01]
 [-3.13603113e-03  1.10798465e-01  8.30682128e-01 -3.09993404e-01]]
[MetaLearner] Retrained at session 73 (error_rate=0.60)
[RiskManager] Veto at session 96: high_volatility = 0.3665
HMM state mapping: {1: 'volatile', 2: 'trending', 0: 'mean_reverting'}
Emission means:
[[ 0.00109914  0.02989612  0.28319393 -0.16460483]
 [-0.0242488   0.10900343  0.86915609 -0.29161788]
 [ 0.15171154  0.03352155  0.43798921 -0.20978832]]
[RiskManager] Veto at session 22: high_volatility = 0.3713
[RiskManager] Veto at session 29: high_volatility = 0.3291
[RiskManager] Veto at session 33: high_volatility = 0.3612
[RiskManager] Veto at session 37: high_volatility = 0.3215
[RiskManager] Veto at session 41: high_volatility = 0.3420
[RiskManager] Veto at session 60: high_volatility = 0.1524
[RiskManager] Veto at session 64: high_volatility = 0.3190
[RiskManager] Veto at session 68: high_volatility = 0.3094
[RiskManager] Veto at session 76: high_volatility = 0.1589
[RiskManager] Veto at session 81: high_volatility = 0.2587
[RiskManager] Veto at session 85: high_volatility = 0.3163
[RiskManager] Veto at session 90: high_volatility = 0.1550
[RiskManager] Veto at session 97: high_volatility = 0.1510
HMM state mapping: {1: 'volatile', 2: 'trending', 0: 'mean_reverting'}
Emission means:
[[-1.28667843e-04  3.28890469e-02  3.24011277e-01 -1.49893347e-01]
 [ 1.33278852e-02  1.03699275e-01  8.92490616e-01 -2.70959333e-01]
 [ 1.44974609e-01  3.16190711e-02  4.15307263e-01 -2.26496164e-01]]
[RiskManager] Veto at session 22: high_volatility = 0.3713
[RiskManager] Veto at session 34: high_volatility = 0.2900
[RiskManager] Veto at session 38: high_volatility = 0.2815
[RiskManager] Veto at session 48: high_volatility = 0.3185
[RiskManager] Veto at session 54: high_volatility = 0.1534
[RiskManager] Veto at session 64: high_volatility = 0.1605
[RiskManager] Veto at session 68: high_volatility = 0.3656
[RiskManager] Veto at session 72: high_volatility = 0.3677
[RiskManager] Veto at session 83: high_volatility = 0.3329
[RiskManager] Veto at session 87: high_volatility = 0.3702
[RiskManager] Veto at session 93: high_volatility = 0.2318
[RiskManager] Veto at session 97: high_volatility = 0.3710
HMM state mapping: {1: 'volatile', 0: 'trending', 2: 'mean_reverting'}
Emission means:
[[ 0.14707464  0.03135865  0.43437642 -0.06854483]
 [ 0.00425784  0.09595712  0.79275072 -0.25484112]
 [ 0.05018381  0.03319392  0.34170468 -0.19133812]]
[RiskManager] Veto at session 23: high_volatility = 0.1538
[RiskManager] Veto at session 27: high_volatility = 0.1538
[RiskManager] Veto at session 32: high_volatility = 0.3231
[RiskManager] Veto at session 37: high_volatility = 0.3207
HMM state mapping: {2: 'volatile', 1: 'trending', 0: 'mean_reverting'}
Emission means:
[[ 7.41656584e-04  5.62669453e-03  6.13137090e-02 -1.10104442e-03]
 [ 6.71087133e-02  3.24426176e-02  3.55774487e-01 -1.53675650e-01]
 [-2.74220712e-03  1.02132275e-01  8.02300836e-01 -2.91223756e-01]]
[MetaLearner] Retrained at session 20 (error_rate=0.27)
[RiskManager] Veto at session 43: high_volatility = 0.3506
HMM state mapping: {1: 'volatile', 2: 'trending', 0: 'mean_reverting'}
Emission means:
[[-3.97771275e-05  3.78454075e-03  4.13514664e-02  2.72588759e-05]
 [-7.22176139e-03  1.05602491e-01  8.22410711e-01 -2.88422436e-01]
 [ 6.67722138e-02  3.24138640e-02  3.55382671e-01 -1.52637807e-01]]
[MetaLearner] Retrained at session 30 (error_rate=0.60)
[RiskManager] Veto at session 53: high_volatility = 0.3264
HMM state mapping: {1: 'volatile', 0: 'trending', 2: 'mean_reverting'}
Emission means:
[[ 7.27012493e-02  3.16980676e-02  3.54598532e-01 -1.53884706e-01]
 [-8.34422624e-03  1.06709087e-01  8.25313696e-01 -2.87184225e-01]
 [-2.19459841e-04  2.93042871e-03  3.20806034e-02  2.87188014e-04]]
[MetaLearner] Retrained at session 40 (error_rate=0.60)
[RiskManager] Veto at session 62: high_volatility = 0.3289
HMM state mapping: {1: 'volatile', 2: 'trending', 0: 'mean_reverting'}
Emission means:
[[-0.00826201  0.10734623  0.82537194 -0.29094377]
 [ 0.09947657  0.41071604  3.03883141 -0.53196168]
 [ 0.03668567  0.0222151   0.23430116 -0.11461332]]
[MetaLearner] Retrained at session 50 (error_rate=0.67)
[RiskManager] Veto at session 71: high_volatility = 0.4107
[RiskManager] Veto at session 84: high_volatility = 0.3508
HMM state mapping: {1: 'volatile', 0: 'trending', 2: 'mean_reverting'}
Emission means:
[[ 0.04483204  0.01914824  0.22176949 -0.08860095]
 [ 0.09947657  0.41071604  3.03883141 -0.53196168]
 [-0.00969965  0.10934382  0.81726159 -0.29553434]]
[MetaLearner] Retrained at session 66 (error_rate=0.27)
HMM state mapping: {2: 'volatile', 1: 'trending', 0: 'mean_reverting'}
Emission means:
[[-0.00970032  0.10934721  0.81728115 -0.29554585]
 [ 0.04976929  0.01918306  0.22807642 -0.08648853]
 [ 0.09947657  0.41071604  3.03883141 -0.53196168]]
[MetaLearner] Retrained at session 76 (error_rate=0.87)
HMM state mapping: {0: 'volatile', 1: 'trending', 2: 'mean_reverting'}
Emission means:
[[ 0.01116576  0.09655768  0.81999991 -0.27145865]
 [ 0.13009831  0.03062872  0.40062923 -0.09728899]
 [ 0.00347227  0.03430421  0.30785873 -0.19623002]]
[RiskManager] Veto at session 23: high_volatility = 0.2925
[RiskManager] Veto at session 27: high_volatility = 0.3413
[RiskManager] Veto at session 33: high_volatility = 0.3685
HMM state mapping: {0: 'volatile', 2: 'trending', 1: 'mean_reverting'}
Emission means:
[[ 1.11657572e-02  9.65576760e-02  8.19999914e-01 -2.71458650e-01]
 [-2.99123382e-04  3.26806659e-02  3.10038857e-01 -1.44828201e-01]
 [ 1.35925916e-01  2.93203560e-02  4.00393122e-01 -1.20203536e-01]]
[MetaLearner] Retrained at session 15 (error_rate=0.27)
[RiskManager] Veto at session 37: high_volatility = 0.3215
[RiskManager] Veto at session 41: high_volatility = 0.2494
HMM state mapping: {1: 'volatile', 2: 'trending', 0: 'mean_reverting'}
Emission means:
[[-1.09705512e-04  3.29114842e-02  3.12152023e-01 -1.30043314e-01]
 [ 1.11657571e-02  9.65576760e-02  8.19999914e-01 -2.71458650e-01]
 [ 1.36101583e-01  3.00472627e-02  4.02531907e-01 -1.21852143e-01]]
[MetaLearner] Retrained at session 25 (error_rate=0.27)
[RiskManager] Veto at session 51: high_volatility = 0.2946
[RiskManager] Veto at session 55: high_volatility = 0.3335
[RiskManager] Veto at session 71: high_volatility = 0.2861
HMM state mapping: {1: 'volatile', 0: 'trending', 2: 'mean_reverting'}
Emission means:
[[ 0.05033069  0.03115878  0.33827329 -0.13881225]
 [-0.01352315  0.28660427  2.37517351 -0.5145802 ]
 [ 0.0154664   0.0982717   0.85469499 -0.26028378]]
[MetaLearner] Retrained at session 54 (error_rate=0.27)
[RiskManager] Veto at session 75: high_volatility = 0.2866
HMM state mapping: {2: 'volatile', 1: 'trending', 0: 'mean_reverting'}
Emission means:
[[ 0.04349208  0.10207232  0.89706791 -0.27681547]
 [ 0.04781426  0.03053168  0.33180289 -0.14172202]
 [-0.01352315  0.28660427  2.37517351 -0.5145802 ]]
[MetaLearner] Retrained at session 64 (error_rate=0.40)
[RiskManager] Veto at session 95: high_volatility = 0.3237
HMM state mapping: {1: 'volatile', 0: 'trending', 2: 'mean_reverting'}
Emission means:
[[ 0.04887059  0.03016012  0.33319121 -0.13998594]
 [-0.01352315  0.28660427  2.37517351 -0.5145802 ]
 [ 0.01524246  0.09116384  0.75878691 -0.2718036 ]]
[MetaLearner] Retrained at session 77 (error_rate=0.27)
HMM state mapping: {1: 'volatile', 2: 'trending', 0: 'mean_reverting'}
Emission means:
[[ 0.0175321   0.03173985  0.3145715  -0.17058767]
 [ 0.03215034  0.10232786  0.82879189 -0.32012804]
 [ 0.1478996   0.03009928  0.40643561 -0.06297885]]
[RiskManager] Veto at session 24: high_volatility = 0.2972
[RiskManager] Veto at session 28: high_volatility = 0.3338
[RiskManager] Veto at session 33: high_volatility = 0.1511
[RiskManager] Veto at session 38: high_volatility = 0.1637
[RiskManager] Veto at session 43: high_volatility = 0.1654
[RiskManager] Veto at session 50: high_volatility = 0.3400
[RiskManager] Veto at session 56: high_volatility = 0.1585
[RiskManager] Veto at session 64: high_volatility = 0.1550
[RiskManager] Veto at session 68: high_volatility = 0.1650
[RiskManager] Veto at session 72: high_volatility = 0.3462
[RiskManager] Veto at session 76: high_volatility = 0.1685
[RiskManager] Veto at session 83: high_volatility = 0.1714
[RiskManager] Veto at session 87: high_volatility = 0.3637
[RiskManager] Veto at session 97: high_volatility = 0.1518
HMM state mapping: {1: 'volatile', 2: 'trending', 0: 'mean_reverting'}
Emission means:
[[ 0.00518343  0.03314769  0.30491971 -0.2234276 ]
 [-0.02277004  0.11028011  0.88637939 -0.28997839]
 [ 0.13860116  0.03037966  0.42259187 -0.14447245]]
[RiskManager] Veto at session 23: high_volatility = 0.2925
[RiskManager] Veto at session 27: high_volatility = 0.3413
[RiskManager] Veto at session 31: high_volatility = 0.3760
[RiskManager] Veto at session 35: high_volatility = 0.3613
[RiskManager] Veto at session 43: high_volatility = 0.1645
[RiskManager] Veto at session 47: high_volatility = 0.1763
[RiskManager] Veto at session 51: high_volatility = 0.3086
[RiskManager] Veto at session 55: high_volatility = 0.3480
[RiskManager] Veto at session 59: high_volatility = 0.1870
[RiskManager] Veto at session 64: high_volatility = 0.1522
[RiskManager] Veto at session 68: high_volatility = 0.3458
[RiskManager] Veto at session 72: high_volatility = 0.3496
[RiskManager] Veto at session 77: high_volatility = 0.1639
[RiskManager] Veto at session 81: high_volatility = 0.3653
[RiskManager] Veto at session 85: high_volatility = 0.3622
[RiskManager] Veto at session 89: high_volatility = 0.3859
HMM state mapping: {1: 'volatile', 2: 'trending', 0: 'mean_reverting'}
Emission means:
[[ 0.05398298  0.03132128  0.31115702 -0.26447441]
 [-0.00663146  0.10158399  0.82726229 -0.26982748]
 [ 0.07846241  0.03198534  0.36039214 -0.10526137]]
[RiskManager] Veto at session 25: high_volatility = 0.1536
HMM state mapping: {1: 'volatile', 2: 'trending', 0: 'mean_reverting'}
Emission means:
[[ 0.00884049  0.0324168   0.30258578 -0.1362062 ]
 [-0.01353198  0.10114385  0.82293705 -0.27415384]
 [ 0.14133751  0.0312423   0.4045255  -0.12333917]]
[MetaLearner] Retrained at session 16 (error_rate=0.67)
[RiskManager] Veto at session 42: high_volatility = 0.2039
HMM state mapping: {2: 'volatile', 0: 'trending', 1: 'mean_reverting'}
Emission means:
[[ 0.07866432  0.03159522  0.35460308 -0.13046193]
 [-0.01353193  0.10114383  0.82293692 -0.27415382]
 [ 0.12565738  0.14884546  1.74040506 -0.45338364]]
[MetaLearner] Retrained at session 26 (error_rate=0.80)
[RiskManager] Veto at session 48: high_volatility = 0.1772
[RiskManager] Veto at session 54: high_volatility = 0.2923
[RiskManager] Veto at session 58: high_volatility = 0.2906
[RiskManager] Veto at session 62: high_volatility = 0.3889
HMM state mapping: {0: 'volatile', 1: 'trending', 2: 'mean_reverting'}
Emission means:
[[ 0.12565738  0.14884546  1.74040506 -0.45338364]
 [ 0.08021685  0.03110783  0.3558672  -0.13899757]
 [ 0.00240867  0.10123697  0.78886585 -0.28757153]]
[MetaLearner] Retrained at session 44 (error_rate=0.67)
[RiskManager] Veto at session 66: high_volatility = 0.3248
HMM state mapping: {2: 'volatile', 0: 'trending', 1: 'mean_reverting'}
Emission means:
[[ 0.0650637   0.03082963  0.34596586 -0.1485358 ]
 [ 0.0053505   0.10125809  0.78757896 -0.2957935 ]
 [ 0.12565738  0.14884546  1.74040506 -0.45338364]]
[MetaLearner] Retrained at session 54 (error_rate=0.93)
[RiskManager] Veto at session 77: high_volatility = 0.3287
[RiskManager] Veto at session 82: high_volatility = 0.3290
HMM state mapping: {0: 'volatile', 2: 'trending', 1: 'mean_reverting'}
Emission means:
[[ 1.25657379e-01  1.48845457e-01  1.74040506e+00 -4.53383635e-01]
 [ 1.69772244e-03  1.01097750e-01  7.81765151e-01 -3.13138012e-01]
 [ 5.45779034e-02  3.04454796e-02  3.36881844e-01 -1.45813155e-01]]
[MetaLearner] Retrained at session 64 (error_rate=0.87)
[RiskManager] Veto at session 86: high_volatility = 0.3322
HMM state mapping: {1: 'volatile', 0: 'trending', 2: 'mean_reverting'}
Emission means:
[[ 1.40739757e-01  3.06337506e-02  4.29289735e-01 -1.34240290e-01]
 [ 3.87922826e-04  1.00935257e-01  8.04788727e-01 -2.31467013e-01]
 [-1.86235856e-03  3.28285240e-02  2.78947650e-01 -1.79314530e-01]]
[RiskManager] Veto at session 26: high_volatility = 0.1722
[RiskManager] Veto at session 42: high_volatility = 0.1937
[RiskManager] Veto at session 46: high_volatility = 0.3128
[RiskManager] Veto at session 50: high_volatility = 0.3602
[RiskManager] Veto at session 55: high_volatility = 0.1779
[RiskManager] Veto at session 59: high_volatility = 0.1726
[RiskManager] Veto at session 63: high_volatility = 0.3305
[RiskManager] Veto at session 67: high_volatility = 0.3644
HMM state mapping: {1: 'volatile', 0: 'trending', 2: 'mean_reverting'}
Emission means:
[[ 0.04773919  0.03180109  0.33114563 -0.16500367]
 [-0.03025586  0.28978287  2.68858838 -0.49949093]
 [-0.02496635  0.10734202  0.85098171 -0.25980315]]
[MetaLearner] Retrained at session 50 (error_rate=0.27)
[RiskManager] Veto at session 71: high_volatility = 0.2898
[RiskManager] Veto at session 75: high_volatility = 0.3679
[RiskManager] Veto at session 79: high_volatility = 0.3478
HMM state mapping: {2: 'volatile', 1: 'trending', 0: 'mean_reverting'}
Emission means:
[[-0.01898159  0.10612334  0.84192648 -0.28249546]
 [ 0.04074723  0.03159306  0.32968018 -0.17117264]
 [-0.03025586  0.28978287  2.68858838 -0.49949093]]
[MetaLearner] Retrained at session 60 (error_rate=0.67)
HMM state mapping: {2: 'volatile', 1: 'trending', 0: 'mean_reverting'}
Emission means:
[[-0.01942592  0.10735589  0.84655689 -0.28757775]
 [ 0.04469006  0.0315084   0.33206568 -0.17102183]
 [-0.03025586  0.28978287  2.68858838 -0.49949093]]
[MetaLearner] Retrained at session 70 (error_rate=0.40)
HMM state mapping: {0: 'volatile', 2: 'trending', 1: 'mean_reverting'}
Emission means:
[[ 0.02248285  0.10895062  0.84723156 -0.28426678]
 [ 0.04265115  0.03108172  0.3225836  -0.24238312]
 [ 0.12165167  0.03215488  0.38467632 -0.07221263]]
[RiskManager] Veto at session 22: high_volatility = 0.3521
[RiskManager] Veto at session 28: high_volatility = 0.1606
[RiskManager] Veto at session 32: high_volatility = 0.1572
[RiskManager] Veto at session 43: high_volatility = 0.1645
[RiskManager] Veto at session 48: high_volatility = 0.1710
[RiskManager] Veto at session 53: high_volatility = 0.1802
[RiskManager] Veto at session 57: high_volatility = 0.3432
[RiskManager] Veto at session 61: high_volatility = 0.3247
[RiskManager] Veto at session 70: high_volatility = 0.3226
HMM state mapping: {0: 'volatile', 1: 'trending', 2: 'mean_reverting'}
Emission means:
[[ 7.86363580e-03  1.08758815e-01  8.54093442e-01 -2.86742299e-01]
 [ 1.47460670e-01  3.02868214e-02  3.77919248e-01 -2.19765240e-01]
 [ 7.30305376e-04  3.40937031e-02  3.20149211e-01 -1.55477705e-01]]
[MetaLearner] Retrained at session 50 (error_rate=0.40)
[RiskManager] Veto at session 77: high_volatility = 0.3559
HMM state mapping: {1: 'volatile', 0: 'trending', 2: 'mean_reverting'}
Emission means:
[[ 0.04732474  0.03179646  0.34209174 -0.1589721 ]
 [ 0.00837696  0.35612252  2.82071477 -0.58834189]
 [ 0.00388023  0.10832412  0.86215959 -0.27917034]]
[MetaLearner] Retrained at session 60 (error_rate=0.47)
[RiskManager] Veto at session 81: high_volatility = 0.3561
[RiskManager] Veto at session 85: high_volatility = 0.3514
[RiskManager] Veto at session 89: high_volatility = 0.3613
HMM state mapping: {2: 'volatile', 0: 'trending', 1: 'mean_reverting'}
Emission means:
[[ 0.02805967  0.03216664  0.33422178 -0.16046908]
 [ 0.00799646  0.1042592   0.82266846 -0.29039139]
 [ 0.00837696  0.35612252  2.82071477 -0.58834189]]
[MetaLearner] Retrained at session 70 (error_rate=0.67)
[RiskManager] Veto at session 93: high_volatility = 0.3376
HMM state mapping: {1: 'volatile', 2: 'trending', 0: 'mean_reverting'}
Emission means:
[[ 0.06701949  0.03234008  0.34578827 -0.18171605]
 [-0.00768607  0.09971967  0.78244531 -0.2600212 ]
 [ 0.13315292  0.02552253  0.42274751 -0.02226164]]
[RiskManager] Veto at session 23: high_volatility = 0.1668
[RiskManager] Veto at session 27: high_volatility = 0.2638
[RiskManager] Veto at session 31: high_volatility = 0.3606
[RiskManager] Veto at session 35: high_volatility = 0.1630
[RiskManager] Veto at session 40: high_volatility = 0.1856
[RiskManager] Veto at session 44: high_volatility = 0.1813
[RiskManager] Veto at session 48: high_volatility = 0.3253
HMM state mapping: {1: 'volatile', 0: 'trending', 2: 'mean_reverting'}
Emission means:
[[ 0.07004238  0.03149345  0.34845623 -0.14211429]
 [ 0.12581965  0.31364257  2.63109017 -0.49751687]
 [ 0.00586171  0.10023548  0.81002156 -0.25369757]]
[MetaLearner] Retrained at session 31 (error_rate=0.53)
[RiskManager] Veto at session 52: high_volatility = 0.3136
HMM state mapping: {1: 'volatile', 0: 'trending', 2: 'mean_reverting'}
Emission means:
[[ 0.07308515  0.03108775  0.34471172 -0.13647113]
 [ 0.12581965  0.31364257  2.63109017 -0.49751687]
 [ 0.00624039  0.10063318  0.80945307 -0.25537798]]
[MetaLearner] Retrained at session 41 (error_rate=0.80)
[RiskManager] Veto at session 74: high_volatility = 0.3147
[RiskManager] Veto at session 78: high_volatility = 0.3466
[RiskManager] Veto at session 82: high_volatility = 0.3822
[RiskManager] Veto at session 92: high_volatility = 0.3597
HMM state mapping: {2: 'volatile', 1: 'trending', 0: 'mean_reverting'}
Emission means:
[[ 0.0080305   0.09556804  0.79145767 -0.27639467]
 [ 0.07735969  0.02797181  0.32317355 -0.10439384]
 [ 0.12581965  0.31364257  2.63109017 -0.49751687]]
[MetaLearner] Retrained at session 78 (error_rate=0.53)
HMM state mapping: {2: 'volatile', 0: 'trending', 1: 'mean_reverting'}
Emission means:
[[ 6.23697111e-02  3.07920469e-02  3.38849760e-01 -1.60042832e-01]
 [ 3.90131841e-18  7.02592772e-19  8.90575609e-18 -1.69076766e-18]
 [-4.13669058e-02  1.10184634e-01  9.38907831e-01 -2.57302451e-01]]
[RiskManager] Veto at session 26: high_volatility = 0.3769
[RiskManager] Veto at session 35: high_volatility = 0.1753
HMM state mapping: {1: 'volatile', 0: 'trending', 2: 'mean_reverting'}
Emission means:
[[ 6.97570436e-02  3.13521923e-02  3.48426685e-01 -1.47699753e-01]
 [-9.57278223e-03  1.16097213e-01  9.90522290e-01 -2.89693995e-01]
 [ 2.37192914e-14  3.51463503e-14  3.05050998e-13 -7.90436417e-14]]
[MetaLearner] Retrained at session 26 (error_rate=0.67)
[RiskManager] Veto at session 47: high_volatility = 0.1805
[RiskManager] Veto at session 54: high_volatility = 0.1723
[RiskManager] Veto at session 63: high_volatility = 0.1927
[RiskManager] Veto at session 74: high_volatility = 0.1504
[RiskManager] Veto at session 91: high_volatility = 0.1507
[RiskManager] Veto at session 97: high_volatility = 0.1641
HMM state mapping: {0: 'volatile', 2: 'trending', 1: 'mean_reverting'}
Emission means:
[[ 0.028996    0.1027047   0.83073572 -0.25833591]
 [ 0.02877357  0.03163553  0.3302166  -0.19945589]
 [ 0.14067486  0.03230887  0.41944412 -0.12516479]]
[RiskManager] Veto at session 26: high_volatility = 0.1844
[RiskManager] Veto at session 33: high_volatility = 0.2653
[RiskManager] Veto at session 37: high_volatility = 0.2777
[RiskManager] Veto at session 41: high_volatility = 0.3320
[RiskManager] Veto at session 47: high_volatility = 0.1565
[RiskManager] Veto at session 53: high_volatility = 0.1510
[RiskManager] Veto at session 59: high_volatility = 0.1819
[RiskManager] Veto at session 70: high_volatility = 0.1543
[RiskManager] Veto at session 74: high_volatility = 0.2263
[RiskManager] Veto at session 78: high_volatility = 0.3075
[RiskManager] Veto at session 82: high_volatility = 0.3370
[RiskManager] Veto at session 86: high_volatility = 0.3196
[RiskManager] Veto at session 90: high_volatility = 0.3209
[RiskManager] Veto at session 94: high_volatility = 0.3443
[RiskManager] Veto at session 98: high_volatility = 0.3432
HMM state mapping: {1: 'volatile', 0: 'trending', 2: 'mean_reverting'}
Emission means:
[[ 0.08032113  0.03197617  0.36452624 -0.230025  ]
 [ 0.00256823  0.10115772  0.80789699 -0.28957848]
 [ 0.05046497  0.02940137  0.36435111  0.00638713]]
[RiskManager] Veto at session 24: high_volatility = 0.3131
[RiskManager] Veto at session 30: high_volatility = 0.1506
HMM state mapping: {0: 'volatile', 1: 'trending', 2: 'mean_reverting'}
Emission means:
[[ 0.00550727  0.09782001  0.7839202  -0.27890874]
 [ 0.05449346  0.03220442  0.34739037 -0.21934975]
 [ 0.03683079  0.02902435  0.34926646  0.00525797]]
[MetaLearner] Retrained at session 15 (error_rate=0.87)
[RiskManager] Veto at session 39: high_volatility = 0.1808
[RiskManager] Veto at session 44: high_volatility = 0.1701
HMM state mapping: {1: 'volatile', 0: 'trending', 2: 'mean_reverting'}
Emission means:
[[ 0.13867758  0.03247365  0.42212582 -0.19470157]
 [ 0.01193594  0.10195236  0.81836056 -0.27664053]
 [ 0.00424262  0.03125006  0.31074977 -0.15180142]]
[MetaLearner] Retrained at session 25 (error_rate=0.33)
[RiskManager] Veto at session 48: high_volatility = 0.2981
[RiskManager] Veto at session 52: high_volatility = 0.3165
[RiskManager] Veto at session 56: high_volatility = 0.1741
[RiskManager] Veto at session 60: high_volatility = 0.1664
[RiskManager] Veto at session 64: high_volatility = 0.1522
[RiskManager] Veto at session 68: high_volatility = 0.3434
[RiskManager] Veto at session 72: high_volatility = 0.3496
[RiskManager] Veto at session 77: high_volatility = 0.1639
HMM state mapping: {1: 'volatile', 2: 'trending', 0: 'mean_reverting'}
Emission means:
[[-2.66161605e-03  3.28364044e-02  3.14228454e-01 -1.49054732e-01]
 [ 1.86281438e-02  3.65306281e-01  2.75058758e+00 -5.85521554e-01]
 [ 9.00880828e-03  1.09731234e-01  8.71305326e-01 -2.65155508e-01]]
[MetaLearner] Retrained at session 60 (error_rate=0.27)
[RiskManager] Veto at session 81: high_volatility = 0.3653
[RiskManager] Veto at session 85: high_volatility = 0.3622
[RiskManager] Veto at session 89: high_volatility = 0.3859
HMM state mapping: {2: 'volatile', 0: 'trending', 1: 'mean_reverting'}
Emission means:
[[ 1.00632850e-02  1.11231528e-01  8.84240794e-01 -2.70062884e-01]
 [-9.59472884e-04  3.36210727e-02  3.06627293e-01 -1.51033311e-01]
 [ 1.86281438e-02  3.65306281e-01  2.75058758e+00 -5.85521554e-01]]
[MetaLearner] Retrained at session 70 (error_rate=0.40)
[RiskManager] Veto at session 95: high_volatility = 0.3282
[RiskManager] Veto at session 99: high_volatility = 0.3444
HMM state mapping: {1: 'volatile', 2: 'trending', 0: 'mean_reverting'}
Emission means:
[[ 0.05685761  0.02977449  0.3346446  -0.25560142]
 [ 0.01731957  0.10240364  0.79045769 -0.31098723]
 [ 0.09224324  0.03168033  0.39776267 -0.06651382]]
[RiskManager] Veto at session 23: high_volatility = 0.1668
[RiskManager] Veto at session 27: high_volatility = 0.2638
[RiskManager] Veto at session 31: high_volatility = 0.3261
[RiskManager] Veto at session 35: high_volatility = 0.3025
HMM state mapping: {1: 'volatile', 2: 'trending', 0: 'mean_reverting'}
Emission means:
[[ 0.00837642  0.03190654  0.29944395 -0.19304737]
 [ 0.01731917  0.10240128  0.79044158 -0.3109872 ]
 [ 0.13764051  0.02868919  0.41187807 -0.11939768]]
[MetaLearner] Retrained at session 15 (error_rate=0.60)
[RiskManager] Veto at session 40: high_volatility = 0.1655
HMM state mapping: {2: 'volatile', 0: 'trending', 1: 'mean_reverting'}
Emission means:
[[ 0.08344885  0.03000614  0.36716913 -0.14481726]
 [ 0.01978577  0.10209253  0.80225718 -0.29602479]
 [ 0.03150167  0.1340152   1.42338642 -0.35014738]]
[MetaLearner] Retrained at session 25 (error_rate=0.27)
[RiskManager] Veto at session 47: high_volatility = 0.1576
HMM state mapping: {1: 'volatile', 0: 'trending', 2: 'mean_reverting'}
Emission means:
[[ 0.08788241  0.0302064   0.37461764 -0.15183137]
 [ 0.16525162  0.27381122  2.68730716 -0.52520596]
 [ 0.02299587  0.10802113  0.87062644 -0.29240719]]
[MetaLearner] Retrained at session 37 (error_rate=0.27)
[RiskManager] Veto at session 58: high_volatility = 0.2738
[RiskManager] Veto at session 62: high_volatility = 0.3488
HMM state mapping: {1: 'volatile', 0: 'trending', 2: 'mean_reverting'}
Emission means:
[[ 0.06962954  0.030609    0.3607393  -0.14842593]
 [ 0.16525162  0.27381122  2.68730716 -0.52520596]
 [ 0.01737627  0.10622156  0.83865305 -0.29623793]]
[MetaLearner] Retrained at session 47 (error_rate=0.73)
[RiskManager] Veto at session 71: high_volatility = 0.2976
HMM state mapping: {2: 'volatile', 0: 'trending', 1: 'mean_reverting'}
Emission means:
[[ 0.06175646  0.03092654  0.35836303 -0.13777839]
 [ 0.01663431  0.10732627  0.85421096 -0.29901394]
 [ 0.16525162  0.27381122  2.68730716 -0.52520596]]
[MetaLearner] Retrained at session 57 (error_rate=0.87)
[RiskManager] Veto at session 87: high_volatility = 0.1601
HMM state mapping: {2: 'volatile', 0: 'trending', 1: 'mean_reverting'}
Emission means:
[[ 0.06439118  0.03026114  0.3529062  -0.1353635 ]
 [ 0.01696889  0.10700766  0.85988017 -0.29272516]
 [ 0.16525162  0.27381122  2.68730716 -0.52520596]]
[MetaLearner] Retrained at session 67 (error_rate=0.53)
[RiskManager] Veto at session 91: high_volatility = 0.2879
[RiskManager] Veto at session 95: high_volatility = 0.3020
HMM state mapping: {2: 'volatile', 1: 'trending', 0: 'mean_reverting'}
Emission means:
[[ 0.00502153  0.10421816  0.83516708 -0.28960651]
 [ 0.0774227   0.02875247  0.35635863 -0.10688368]
 [ 0.16525162  0.27381122  2.68730716 -0.52520596]]
[MetaLearner] Retrained at session 77 (error_rate=0.60)
[RiskManager] Veto at session 99: high_volatility = 0.3260
HMM state mapping: {1: 'volatile', 0: 'trending', 2: 'mean_reverting'}
Emission means:
[[ 0.13962058  0.02952307  0.43027808 -0.09039815]
 [-0.02172489  0.09868878  0.83491223 -0.23540956]
 [ 0.04003802  0.03117701  0.32761272 -0.23169965]]
[RiskManager] Veto at session 24: high_volatility = 0.2942
[RiskManager] Veto at session 28: high_volatility = 0.2762
[RiskManager] Veto at session 33: high_volatility = 0.1511
[RiskManager] Veto at session 39: high_volatility = 0.1740
[RiskManager] Veto at session 55: high_volatility = 0.1756
[RiskManager] Veto at session 59: high_volatility = 0.3591
[RiskManager] Veto at session 63: high_volatility = 0.3875
[RiskManager] Veto at session 67: high_volatility = 0.3420
[RiskManager] Veto at session 71: high_volatility = 0.1628
[RiskManager] Veto at session 75: high_volatility = 0.1968
[RiskManager] Veto at session 85: high_volatility = 0.4108
[RiskManager] Veto at session 89: high_volatility = 0.2980
[RiskManager] Veto at session 93: high_volatility = 0.2992
[RiskManager] Veto at session 97: high_volatility = 0.1539
HMM state mapping: {0: 'volatile', 1: 'trending', 2: 'mean_reverting'}
Emission means:
[[ 0.00411696  0.10646344  0.86148851 -0.29849188]
 [ 0.14545642  0.03082963  0.43094572 -0.17916154]
 [ 0.01314962  0.03205011  0.30653497 -0.1429918 ]]
[RiskManager] Veto at session 22: high_volatility = 0.3633
[RiskManager] Veto at session 35: high_volatility = 0.2754
[RiskManager] Veto at session 39: high_volatility = 0.2985
[RiskManager] Veto at session 43: high_volatility = 0.2980
[RiskManager] Veto at session 51: high_volatility = 0.1564
[RiskManager] Veto at session 55: high_volatility = 0.3831
[RiskManager] Veto at session 59: high_volatility = 0.3430
[RiskManager] Veto at session 63: high_volatility = 0.3246
[RiskManager] Veto at session 75: high_volatility = 0.3182
[RiskManager] Veto at session 79: high_volatility = 0.3085
[RiskManager] Veto at session 83: high_volatility = 0.2992
[RiskManager] Veto at session 95: high_volatility = 0.2934
[RiskManager] Veto at session 99: high_volatility = 0.3049
HMM state mapping: {1: 'volatile', 2: 'trending', 0: 'mean_reverting'}
Emission means:
[[ 5.48492905e-05  3.22224258e-02  3.14137014e-01 -1.93153942e-01]
 [-1.36539501e-02  1.06467220e-01  8.62589381e-01 -2.50726402e-01]
 [ 1.47826820e-01  3.24996846e-02  4.45526677e-01 -1.86947328e-01]]
[RiskManager] Veto at session 24: high_volatility = 0.1609
[RiskManager] Veto at session 29: high_volatility = 0.1758
[RiskManager] Veto at session 35: high_volatility = 0.1707
[RiskManager] Veto at session 43: high_volatility = 0.1526
[RiskManager] Veto at session 49: high_volatility = 0.2925
[RiskManager] Veto at session 54: high_volatility = 0.3600
[RiskManager] Veto at session 58: high_volatility = 0.2805
[RiskManager] Veto at session 62: high_volatility = 0.3618
[RiskManager] Veto at session 68: high_volatility = 0.1598
[RiskManager] Veto at session 72: high_volatility = 0.1612
[RiskManager] Veto at session 77: high_volatility = 0.1754
[RiskManager] Veto at session 81: high_volatility = 0.3659
[RiskManager] Veto at session 86: high_volatility = 0.3421
[RiskManager] Veto at session 97: high_volatility = 0.3874
HMM state mapping: {2: 'volatile', 1: 'trending', 0: 'mean_reverting'}
Emission means:
[[ 2.42805792e-58  9.89007322e-58  9.41585507e-57 -1.16614498e-57]
 [ 6.43006058e-02  3.32593063e-02  3.66534623e-01 -1.58890522e-01]
 [-4.86425648e-02  9.73511098e-02  7.31300001e-01 -2.81483221e-01]]
[RiskManager] Veto at session 29: high_volatility = 0.2694
HMM state mapping: {2: 'volatile', 1: 'trending', 0: 'mean_reverting'}
Emission means:
[[-2.94905456e-51  1.23478969e-50  1.35486597e-49 -2.05857574e-50]
 [ 3.97104426e-02  3.24285598e-02  3.45057263e-01 -1.50210453e-01]
 [-4.86494459e-02  9.73576337e-02  7.31297572e-01 -2.81471919e-01]]
[MetaLearner] Retrained at session 15 (error_rate=0.67)
[RiskManager] Veto at session 42: high_volatility = 0.1518
HMM state mapping: {1: 'volatile', 2: 'trending', 0: 'mean_reverting'}
Emission means:
[[-1.79803761e-39  3.69985141e-39  3.84002488e-38 -1.62830895e-38]
 [-3.18229315e-02  1.20221674e-01  3.29752066e+00 -4.27447751e-01]
 [ 2.02319324e-02  5.24448548e-02  4.55954836e-01 -2.01235648e-01]]
[MetaLearner] Retrained at session 25 (error_rate=0.47)
[RiskManager] Veto at session 47: high_volatility = 0.1535
HMM state mapping: {1: 'volatile', 0: 'trending', 2: 'mean_reverting'}
Emission means:
[[ 2.00195697e-02  4.85778079e-02  4.27364792e-01 -1.87062329e-01]
 [-3.18229315e-02  1.20221674e-01  3.29752066e+00 -4.27447751e-01]
 [ 8.97843433e-38  2.13164950e-37  2.02772355e-36 -3.86591613e-37]]
[MetaLearner] Retrained at session 35 (error_rate=0.80)
HMM state mapping: {1: 'volatile', 0: 'trending', 2: 'mean_reverting'}
Emission means:
[[ 2.51643469e-02  4.75782112e-02  4.24637868e-01 -1.86981770e-01]
 [-3.18229315e-02  1.20221674e-01  3.29752066e+00 -4.27447751e-01]
 [ 1.54141836e-36  3.67344431e-36  3.49490625e-35 -6.67869494e-36]]
[MetaLearner] Retrained at session 45 (error_rate=0.53)
HMM state mapping: {1: 'volatile', 0: 'trending', 2: 'mean_reverting'}
Emission means:
[[ 2.28149543e-02  4.90100702e-02  4.35314703e-01 -1.89011614e-01]
 [-3.18229315e-02  1.20221674e-01  3.29752066e+00 -4.27447751e-01]
 [ 8.03837522e-36  1.91532807e-35  1.82222482e-34 -3.48184896e-35]]
[MetaLearner] Retrained at session 55 (error_rate=0.40)
HMM state mapping: {1: 'volatile', 0: 'trending', 2: 'mean_reverting'}
Emission means:
[[ 2.68373403e-02  4.83051070e-02  4.34292572e-01 -1.83542177e-01]
 [-3.18229315e-02  1.20221674e-01  3.29752066e+00 -4.27447751e-01]
 [ 8.10340462e-38  1.93127851e-37  1.83741819e-36 -3.51139077e-37]]
[MetaLearner] Retrained at session 65 (error_rate=0.67)
HMM state mapping: {1: 'volatile', 0: 'trending', 2: 'mean_reverting'}
Emission means:
[[ 0.14165899  0.03202474  0.40604179 -0.2312628 ]
 [ 0.00302125  0.10031831  0.79194663 -0.28921028]
 [ 0.02463635  0.03131413  0.29674315 -0.15915155]]
[RiskManager] Veto at session 24: high_volatility = 0.3689
[RiskManager] Veto at session 28: high_volatility = 0.3821
[RiskManager] Veto at session 32: high_volatility = 0.3681
HMM state mapping: {1: 'volatile', 0: 'trending', 2: 'mean_reverting'}
Emission means:
[[ 0.14102146  0.03174201  0.40376184 -0.22930763]
 [-0.00176101  0.09933167  0.83584243 -0.26633013]
 [ 0.01245289  0.03143791  0.30764224 -0.12610307]]
[MetaLearner] Retrained at session 15 (error_rate=0.27)
[RiskManager] Veto at session 37: high_volatility = 0.1584
[RiskManager] Veto at session 41: high_volatility = 0.3314
[RiskManager] Veto at session 45: high_volatility = 0.3666
HMM state mapping: {1: 'volatile', 0: 'trending', 2: 'mean_reverting'}
Emission means:
[[ 4.83438285e-02  3.16375155e-02  3.38005447e-01 -1.54630403e-01]
 [ 1.00443912e-01  1.63460544e-01  2.07512223e+00 -4.42582866e-01]
 [ 3.80385155e-04  1.00734451e-01  8.36288708e-01 -2.66944525e-01]]
[MetaLearner] Retrained at session 30 (error_rate=0.27)
[RiskManager] Veto at session 51: high_volatility = 0.1635
HMM state mapping: {2: 'volatile', 0: 'trending', 1: 'mean_reverting'}
Emission means:
[[ 4.34545668e-02  3.09389082e-02  3.31924688e-01 -1.23573527e-01]
 [ 3.86064790e-04  1.00731132e-01  8.36270591e-01 -2.66939937e-01]
 [ 1.00443912e-01  1.63460544e-01  2.07512223e+00 -4.42582866e-01]]
[MetaLearner] Retrained at session 40 (error_rate=0.47)
[RiskManager] Veto at session 70: high_volatility = 0.1819
HMM state mapping: {1: 'volatile', 0: 'trending', 2: 'mean_reverting'}
Emission means:
[[ 0.05140751  0.03106561  0.34057444 -0.13897388]
 [ 0.10044391  0.16346054  2.07512223 -0.44258287]
 [-0.0027431   0.09946316  0.84471464 -0.24687567]]
[MetaLearner] Retrained at session 50 (error_rate=0.87)
[RiskManager] Veto at session 77: high_volatility = 0.2948
HMM state mapping: {1: 'volatile', 0: 'trending', 2: 'mean_reverting'}
Emission means:
[[ 0.05130791  0.03090056  0.3365984  -0.14771208]
 [ 0.10044391  0.16346054  2.07512223 -0.44258287]
 [-0.00599606  0.09784056  0.85612406 -0.25199287]]
[MetaLearner] Retrained at session 60 (error_rate=0.53)
[RiskManager] Veto at session 88: high_volatility = 0.3691
HMM state mapping: {2: 'volatile', 0: 'trending', 1: 'mean_reverting'}
Emission means:
[[ 5.36688894e-02  3.07552060e-02  3.42609243e-01 -1.45988204e-01]
 [-9.74289399e-04  9.55338378e-02  8.32264728e-01 -2.44342893e-01]
 [ 1.00443912e-01  1.63460544e-01  2.07512223e+00 -4.42582866e-01]]
[MetaLearner] Retrained at session 70 (error_rate=0.60)
[RiskManager] Veto at session 92: high_volatility = 0.2974
[RiskManager] Veto at session 96: high_volatility = 0.3302
HMM state mapping: {1: 'volatile', 0: 'trending', 2: 'mean_reverting'}
Emission means:
[[ 0.13603841  0.0295466   0.4224935  -0.16275348]
 [ 0.00835902  0.10473028  0.8334515  -0.31276483]
 [ 0.00098976  0.03103022  0.30584    -0.10953853]]
[RiskManager] Veto at session 26: high_volatility = 0.1855
[RiskManager] Veto at session 30: high_volatility = 0.2552
[RiskManager] Veto at session 34: high_volatility = 0.3578
[RiskManager] Veto at session 38: high_volatility = 0.3149
[RiskManager] Veto at session 50: high_volatility = 0.1548
[RiskManager] Veto at session 54: high_volatility = 0.3245
[RiskManager] Veto at session 58: high_volatility = 0.2954
[RiskManager] Veto at session 62: high_volatility = 0.3370
[RiskManager] Veto at session 66: high_volatility = 0.1550
[RiskManager] Veto at session 70: high_volatility = 0.1581
[RiskManager] Veto at session 74: high_volatility = 0.1755
[RiskManager] Veto at session 78: high_volatility = 0.3153
[RiskManager] Veto at session 82: high_volatility = 0.3453
[RiskManager] Veto at session 95: high_volatility = 0.2874
[RiskManager] Veto at session 99: high_volatility = 0.3361
HMM state mapping: {1: 'volatile', 2: 'trending', 0: 'mean_reverting'}
Emission means:
[[ 0.01498158  0.03301626  0.32097411 -0.19483327]
 [ 0.01582723  0.10526891  0.83820472 -0.26649804]
 [ 0.14020467  0.030576    0.40254564 -0.1643686 ]]
[RiskManager] Veto at session 24: high_volatility = 0.2942
[RiskManager] Veto at session 28: high_volatility = 0.3500
[RiskManager] Veto at session 46: high_volatility = 0.1634
[RiskManager] Veto at session 56: high_volatility = 0.1608
[RiskManager] Veto at session 62: high_volatility = 0.1573
[RiskManager] Veto at session 67: high_volatility = 0.1534
[RiskManager] Veto at session 71: high_volatility = 0.3142
[RiskManager] Veto at session 76: high_volatility = 0.1635
HMM state mapping: {1: 'volatile', 0: 'trending', 2: 'mean_reverting'}
Emission means:
[[ 1.38563662e-01  3.06003353e-02  4.05017160e-01 -1.73398799e-01]
 [ 3.50366493e-02  1.03940416e-01  8.11310510e-01 -3.18944179e-01]
 [ 1.70855215e-04  3.10775983e-02  3.00713961e-01 -1.44694119e-01]]
[MetaLearner] Retrained at session 68 (error_rate=0.40)
[RiskManager] Veto at session 94: high_volatility = 0.1610
[RiskManager] Veto at session 98: high_volatility = 0.3301
HMM state mapping: {1: 'volatile', 0: 'trending', 2: 'mean_reverting'}
Emission means:
[[ 1.36760192e-01  3.04194069e-02  4.04693149e-01 -1.75489223e-01]
 [ 3.50366471e-02  1.03940418e-01  8.11310517e-01 -3.18944183e-01]
 [ 6.56672862e-04  3.09863989e-02  2.96472119e-01 -1.43831909e-01]]
[MetaLearner] Retrained at session 78 (error_rate=0.67)
HMM state mapping: {0: 'volatile', 2: 'trending', 1: 'mean_reverting'}
Emission means:
[[-0.04319367  0.10358928  0.88409507 -0.28538493]
 [ 0.01078045  0.03490946  0.32750222 -0.17740826]
 [ 0.1422227   0.03362165  0.43951046 -0.18280982]]
[RiskManager] Veto at session 22: high_volatility = 0.3252
[RiskManager] Veto at session 26: high_volatility = 0.3882
[RiskManager] Veto at session 30: high_volatility = 0.3015
[RiskManager] Veto at session 46: high_volatility = 0.2997
[RiskManager] Veto at session 50: high_volatility = 0.3409
HMM state mapping: {1: 'volatile', 0: 'trending', 2: 'mean_reverting'}
Emission means:
[[ 0.05645747  0.03208769  0.3474393  -0.1509295 ]
 [ 0.13242212  0.33378187  2.92779799 -0.49356202]
 [-0.04319366  0.10358928  0.88409505 -0.28538493]]
[MetaLearner] Retrained at session 33 (error_rate=0.27)
[RiskManager] Veto at session 54: high_volatility = 0.3338
HMM state mapping: {1: 'volatile', 0: 'trending', 2: 'mean_reverting'}
Emission means:
[[ 0.05927504  0.03118239  0.3439978  -0.15241989]
 [ 0.13242212  0.33378187  2.92779799 -0.49356202]
 [-0.04319366  0.10358928  0.88409505 -0.28538493]]
[MetaLearner] Retrained at session 45 (error_rate=0.27)
[RiskManager] Veto at session 72: high_volatility = 0.3796
HMM state mapping: {1: 'volatile', 0: 'trending', 2: 'mean_reverting'}
Emission means:
[[ 0.0556462   0.03084054  0.34029201 -0.14153371]
 [ 0.13242212  0.33378187  2.92779799 -0.49356202]
 [-0.02046219  0.10615254  0.86126029 -0.23650989]]
[MetaLearner] Retrained at session 55 (error_rate=0.80)
HMM state mapping: {1: 'volatile', 0: 'trending', 2: 'mean_reverting'}
Emission means:
[[ 0.05391213  0.03067564  0.33824895 -0.13701042]
 [ 0.13242212  0.33378187  2.92779799 -0.49356202]
 [-0.01682371  0.10781512  0.85278234 -0.24762381]]
[MetaLearner] Retrained at session 65 (error_rate=0.93)
HMM state mapping: {1: 'volatile', 0: 'trending', 2: 'mean_reverting'}
Emission means:
[[ 0.05647164  0.03065409  0.34146365 -0.13785346]
 [ 0.13242212  0.33378187  2.92779799 -0.49356202]
 [-0.02098532  0.10750832  0.85820824 -0.24914592]]
[MetaLearner] Retrained at session 75 (error_rate=0.80)
HMM state mapping: {1: 'volatile', 0: 'trending', 2: 'mean_reverting'}
Emission means:
[[ 0.14081025  0.0330705   0.43812749 -0.17965114]
 [ 0.00247221  0.09883068  0.82112451 -0.28409949]
 [ 0.0141578   0.03170914  0.30294761 -0.15509397]]
[RiskManager] Veto at session 26: high_volatility = 0.1841
[RiskManager] Veto at session 31: high_volatility = 0.1561
[RiskManager] Veto at session 37: high_volatility = 0.1702
[RiskManager] Veto at session 41: high_volatility = 0.3124
[RiskManager] Veto at session 45: high_volatility = 0.3272
[RiskManager] Veto at session 58: high_volatility = 0.3145
[RiskManager] Veto at session 66: high_volatility = 0.1538
[RiskManager] Veto at session 72: high_volatility = 0.2864
[RiskManager] Veto at session 76: high_volatility = 0.2956
HMM state mapping: {2: 'volatile', 0: 'trending', 1: 'mean_reverting'}
Emission means:
[[ 0.08632497  0.03081531  0.36073536 -0.15667376]
 [ 0.0055366   0.10712961  0.8341051  -0.32076235]
 [ 0.11364516  0.10911461  1.47465943 -0.45764518]]
[MetaLearner] Retrained at session 61 (error_rate=0.40)
[RiskManager] Veto at session 83: high_volatility = 0.1563
[RiskManager] Veto at session 94: high_volatility = 0.2674
[RiskManager] Veto at session 98: high_volatility = 0.3237
HMM state mapping: {2: 'volatile', 1: 'trending', 0: 'mean_reverting'}
Emission means:
[[-0.01248701  0.10640487  0.82402197 -0.31754851]
 [ 0.09086825  0.02875808  0.34885265 -0.13952916]
 [ 0.1136453   0.10911457  1.47465963 -0.45764523]]
[MetaLearner] Retrained at session 79 (error_rate=0.40)
HMM state mapping: {1: 'volatile', 0: 'trending', 2: 'mean_reverting'}
Emission means:
[[ 0.13524919  0.03311648  0.42675811 -0.1288608 ]
 [-0.00248292  0.10394555  0.84921824 -0.28112462]
 [ 0.01426359  0.03216826  0.30416846 -0.16828059]]
[RiskManager] Veto at session 22: high_volatility = 0.2970
[RiskManager] Veto at session 26: high_volatility = 0.3344
[RiskManager] Veto at session 30: high_volatility = 0.3015
[RiskManager] Veto at session 35: high_volatility = 0.1561
[RiskManager] Veto at session 39: high_volatility = 0.1821
[RiskManager] Veto at session 43: high_volatility = 0.1585
[RiskManager] Veto at session 53: high_volatility = 0.1656
[RiskManager] Veto at session 62: high_volatility = 0.1546
[RiskManager] Veto at session 67: high_volatility = 0.1761
[RiskManager] Veto at session 76: high_volatility = 0.2568
[RiskManager] Veto at session 82: high_volatility = 0.3213
[RiskManager] Veto at session 86: high_volatility = 0.3006
[RiskManager] Veto at session 90: high_volatility = 0.2751
HMM state mapping: {1: 'volatile', 2: 'trending', 0: 'mean_reverting'}
Emission means:
[[ 0.01492658  0.03207241  0.30156667 -0.17926424]
 [ 0.01202594  0.10258223  0.84663311 -0.26518892]
 [ 0.13837576  0.03216365  0.41813485 -0.17711387]]
[RiskManager] Veto at session 26: high_volatility = 0.1722
[RiskManager] Veto at session 42: high_volatility = 0.1823
[RiskManager] Veto at session 54: high_volatility = 0.2846
[RiskManager] Veto at session 58: high_volatility = 0.2883
[RiskManager] Veto at session 62: high_volatility = 0.3561
[RiskManager] Veto at session 83: high_volatility = 0.1741
[RiskManager] Veto at session 87: high_volatility = 0.1567
[RiskManager] Veto at session 96: high_volatility = 0.1867
HMM state mapping: {0: 'volatile', 2: 'trending', 1: 'mean_reverting'}
Emission means:
[[ 0.01705347  0.11009974  0.82766961 -0.29961603]
 [ 0.01197277  0.03105073  0.30601189 -0.18944245]
 [ 0.1401371   0.03379101  0.43232586 -0.14334993]]
[RiskManager] Veto at session 22: high_volatility = 0.3252
[RiskManager] Veto at session 26: high_volatility = 0.3882
[RiskManager] Veto at session 30: high_volatility = 0.3015
[RiskManager] Veto at session 41: high_volatility = 0.3177
[RiskManager] Veto at session 45: high_volatility = 0.2780
[RiskManager] Veto at session 49: high_volatility = 0.3917
[RiskManager] Veto at session 57: high_volatility = 0.1709
[RiskManager] Veto at session 61: high_volatility = 0.2121
[RiskManager] Veto at session 65: high_volatility = 0.3325
[RiskManager] Veto at session 69: high_volatility = 0.3520
[RiskManager] Veto at session 73: high_volatility = 0.3544
[RiskManager] Veto at session 91: high_volatility = 0.1605
HMM state mapping: {1: 'volatile', 0: 'trending', 2: 'mean_reverting'}
Emission means:
[[ 0.08262693  0.0318111   0.36446078 -0.2418261 ]
 [-0.02789202  0.10614841  0.84211344 -0.29259477]
 [ 0.06841901  0.03106294  0.35021349 -0.08812905]]
[RiskManager] Veto at session 22: high_volatility = 0.2690
[RiskManager] Veto at session 29: high_volatility = 0.1598
[RiskManager] Veto at session 33: high_volatility = 0.1511
[RiskManager] Veto at session 37: high_volatility = 0.1786
[RiskManager] Veto at session 41: high_volatility = 0.3314
HMM state mapping: {1: 'volatile', 0: 'trending', 2: 'mean_reverting'}
Emission means:
[[ 0.13759681  0.03120087  0.40210879 -0.11834764]
 [-0.01623997  0.11145864  0.87366475 -0.28592891]
 [ 0.01003723  0.03265184  0.30255298 -0.13599611]]
[MetaLearner] Retrained at session 23 (error_rate=0.27)
[RiskManager] Veto at session 48: high_volatility = 0.1667
HMM state mapping: {1: 'volatile', 2: 'trending', 0: 'mean_reverting'}
Emission means:
[[ 0.01007288  0.03260894  0.30325536 -0.14729324]
 [-0.01623996  0.11145864  0.87366474 -0.2859289 ]
 [ 0.14334768  0.03072153  0.4146835  -0.11449935]]
[MetaLearner] Retrained at session 33 (error_rate=0.40)
[RiskManager] Veto at session 58: high_volatility = 0.2862
HMM state mapping: {1: 'volatile', 0: 'trending', 2: 'mean_reverting'}
Emission means:
[[ 0.07875876  0.03120204  0.35703788 -0.12498553]
 [ 0.13150125  0.15019722  2.31594732 -0.45946179]
 [-0.02101251  0.11202613  0.88690181 -0.2904718 ]]
[MetaLearner] Retrained at session 44 (error_rate=0.27)
[RiskManager] Veto at session 65: high_volatility = 0.1502
HMM state mapping: {2: 'volatile', 0: 'trending', 1: 'mean_reverting'}
Emission means:
[[ 0.0744883   0.03065753  0.35146225 -0.12429419]
 [-0.02101251  0.11202613  0.88690181 -0.2904718 ]
 [ 0.13150125  0.15019722  2.31594732 -0.45946179]]
[MetaLearner] Retrained at session 54 (error_rate=0.67)
[RiskManager] Veto at session 78: high_volatility = 0.2918
HMM state mapping: {0: 'volatile', 1: 'trending', 2: 'mean_reverting'}
Emission means:
[[ 0.13150125  0.15019722  2.31594732 -0.45946179]
 [ 0.07596929  0.02915071  0.338139   -0.12934691]
 [-0.01099472  0.11286728  0.88358195 -0.29486224]]
[MetaLearner] Retrained at session 64 (error_rate=0.33)
HMM state mapping: {0: 'volatile', 1: 'trending', 2: 'mean_reverting'}
Emission means:
[[ 0.13150125  0.15019722  2.31594732 -0.45946179]
 [ 0.08200434  0.02912561  0.34061054 -0.13101875]
 [-0.01099472  0.11286728  0.88358195 -0.29486224]]
[MetaLearner] Retrained at session 74 (error_rate=0.60)
HMM state mapping: {0: 'volatile', 1: 'trending', 2: 'mean_reverting'}
Emission means:
[[ 0.02060286  0.10861428  0.86818635 -0.35459248]
 [ 0.13947894  0.03195682  0.42987581 -0.2032357 ]
 [ 0.00650498  0.03377355  0.31596247 -0.1617887 ]]
[RiskManager] Veto at session 22: high_volatility = 0.2731
[RiskManager] Veto at session 32: high_volatility = 0.3360
[RiskManager] Veto at session 36: high_volatility = 0.3261
[RiskManager] Veto at session 53: high_volatility = 0.3206
[RiskManager] Veto at session 57: high_volatility = 0.3035
[RiskManager] Veto at session 61: high_volatility = 0.3473
[RiskManager] Veto at session 67: high_volatility = 0.1622
[RiskManager] Veto at session 75: high_volatility = 0.1613
[RiskManager] Veto at session 79: high_volatility = 0.3812
[RiskManager] Veto at session 83: high_volatility = 0.3957
[RiskManager] Veto at session 87: high_volatility = 0.3753
[RiskManager] Veto at session 92: high_volatility = 0.1642
[RiskManager] Veto at session 97: high_volatility = 0.1836
HMM state mapping: {0: 'volatile', 1: 'trending', 2: 'mean_reverting'}
Emission means:
[[ 0.02764629  0.09902472  0.80597637 -0.32839155]
 [ 0.15124361  0.03307527  0.43856977 -0.12993459]
 [ 0.0087656   0.03200643  0.29677872 -0.16264833]]
[RiskManager] Veto at session 22: high_volatility = 0.3189
[RiskManager] Veto at session 26: high_volatility = 0.3877
[RiskManager] Veto at session 47: high_volatility = 0.1589
[RiskManager] Veto at session 51: high_volatility = 0.3273
[RiskManager] Veto at session 55: high_volatility = 0.3754
[RiskManager] Veto at session 64: high_volatility = 0.3107
[RiskManager] Veto at session 68: high_volatility = 0.3040
[RiskManager] Veto at session 72: high_volatility = 0.3510
[RiskManager] Veto at session 77: high_volatility = 0.1713
[RiskManager] Veto at session 81: high_volatility = 0.1713
[RiskManager] Veto at session 85: high_volatility = 0.1556
[RiskManager] Veto at session 89: high_volatility = 0.3771
HMM state mapping: {1: 'volatile', 2: 'trending', 0: 'mean_reverting'}
Emission means:
[[ 0.00144495  0.03282685  0.30727966 -0.20001889]
 [-0.00816916  0.11219901  0.87495291 -0.3339171 ]
 [ 0.14298928  0.03143568  0.39716262 -0.10581272]]
[RiskManager] Veto at session 23: high_volatility = 0.1538
[RiskManager] Veto at session 27: high_volatility = 0.1538
[RiskManager] Veto at session 39: high_volatility = 0.3552
[RiskManager] Veto at session 43: high_volatility = 0.3461
[RiskManager] Veto at session 47: high_volatility = 0.3210
[RiskManager] Veto at session 51: high_volatility = 0.3186
[RiskManager] Veto at session 55: high_volatility = 0.3754
[RiskManager] Veto at session 64: high_volatility = 0.1520
[RiskManager] Veto at session 70: high_volatility = 0.1652
[RiskManager] Veto at session 76: high_volatility = 0.1729
[RiskManager] Veto at session 89: high_volatility = 0.1597
[RiskManager] Veto at session 93: high_volatility = 0.2816
[RiskManager] Veto at session 97: high_volatility = 0.3579
HMM state mapping: {0: 'volatile', 2: 'trending', 1: 'mean_reverting'}
Emission means:
[[ 0.00671574  0.09715018  0.77636756 -0.28606865]
 [ 0.00808717  0.03313745  0.29452668 -0.15665821]
 [ 0.14506899  0.02927557  0.41890032 -0.14994929]]
[RiskManager] Veto at session 26: high_volatility = 0.1722
[RiskManager] Veto at session 30: high_volatility = 0.2312
[RiskManager] Veto at session 34: high_volatility = 0.3763
[RiskManager] Veto at session 38: high_volatility = 0.3140
[RiskManager] Veto at session 42: high_volatility = 0.1595
[RiskManager] Veto at session 48: high_volatility = 0.1710
[RiskManager] Veto at session 53: high_volatility = 0.1802
[RiskManager] Veto at session 57: high_volatility = 0.3656
[RiskManager] Veto at session 61: high_volatility = 0.3501
[RiskManager] Veto at session 65: high_volatility = 0.3565
[RiskManager] Veto at session 69: high_volatility = 0.1628
[RiskManager] Veto at session 73: high_volatility = 0.1761
[RiskManager] Veto at session 77: high_volatility = 0.1598
[RiskManager] Veto at session 81: high_volatility = 0.2092
[RiskManager] Veto at session 85: high_volatility = 0.3927
HMM state mapping: {1: 'volatile', 0: 'trending', 2: 'mean_reverting'}
Emission means:
[[ 4.40089117e-02  3.33637394e-02  3.53949461e-01 -1.37627563e-01]
 [ 4.76870762e-02  3.54163491e-01  2.73389807e+00 -5.07156121e-01]
 [ 6.47283916e-04  1.05233232e-01  8.41295590e-01 -2.88508147e-01]]
[MetaLearner] Retrained at session 74 (error_rate=0.27)
[RiskManager] Veto at session 95: high_volatility = 0.3542
HMM state mapping: {1: 'volatile', 2: 'trending', 0: 'mean_reverting'}
Emission means:
[[ 0.00836957  0.03068567  0.30640397 -0.14497168]
 [-0.01689907  0.09996438  0.80178355 -0.29611493]
 [ 0.13918712  0.03273721  0.42319622 -0.17394366]]
[RiskManager] Veto at session 26: high_volatility = 0.2188
[RiskManager] Veto at session 31: high_volatility = 0.1612
[RiskManager] Veto at session 38: high_volatility = 0.3222
[RiskManager] Veto at session 43: high_volatility = 0.3292
[RiskManager] Veto at session 47: high_volatility = 0.3244
[RiskManager] Veto at session 51: high_volatility = 0.3611
[RiskManager] Veto at session 60: high_volatility = 0.2770
[RiskManager] Veto at session 66: high_volatility = 0.1574
[RiskManager] Veto at session 71: high_volatility = 0.1511
[RiskManager] Veto at session 77: high_volatility = 0.1825
[RiskManager] Veto at session 81: high_volatility = 0.2666
[RiskManager] Veto at session 91: high_volatility = 0.1646
[RiskManager] Veto at session 95: high_volatility = 0.2288
[RiskManager] Veto at session 99: high_volatility = 0.3822
HMM state mapping: {1: 'volatile', 0: 'trending', 2: 'mean_reverting'}
Emission means:
[[ 8.70272428e-02  3.16297643e-02  3.76343965e-01 -1.64922597e-01]
 [ 6.38853458e-03  1.07953240e-01  8.67864457e-01 -3.14682352e-01]
 [ 2.77277740e-21  6.74764029e-21  6.12785973e-20 -4.35013979e-20]]
[RiskManager] Veto at session 28: high_volatility = 0.3015
HMM state mapping: {1: 'volatile', 0: 'trending', 2: 'mean_reverting'}
Emission means:
[[ 8.16840741e-02  3.15086209e-02  3.72379056e-01 -1.57047655e-01]
 [ 8.79240900e-03  1.04384506e-01  8.70014799e-01 -2.93181420e-01]
 [ 1.96341967e-25  4.15065995e-25  4.02704575e-24 -2.02392546e-24]]
[MetaLearner] Retrained at session 15 (error_rate=0.60)
HMM state mapping: {1: 'volatile', 0: 'trending', 2: 'mean_reverting'}
Emission means:
[[ 8.72631774e-02  3.13180356e-02  3.78484316e-01 -1.47216251e-01]
 [ 8.79240900e-03  1.04384506e-01  8.70014799e-01 -2.93181420e-01]
 [ 4.24150184e-26  9.49675667e-26  8.96058927e-25 -5.27596967e-25]]
[MetaLearner] Retrained at session 25 (error_rate=0.87)
HMM state mapping: {0: 'volatile', 1: 'trending', 2: 'mean_reverting'}
Emission means:
[[ 8.79240900e-03  1.04384506e-01  8.70014799e-01 -2.93181420e-01]
 [ 8.18516620e-02  3.07621069e-02  3.71485420e-01 -1.28379124e-01]
 [ 6.45555897e-18  2.43561484e-17  2.89890040e-16  1.43448893e-16]]
[MetaLearner] Retrained at session 35 (error_rate=0.47)
HMM state mapping: {1: 'volatile', 0: 'trending', 2: 'mean_reverting'}
Emission means:
[[ 8.40263072e-02  3.03792668e-02  3.72882750e-01 -1.20425358e-01]
 [ 8.79240900e-03  1.04384506e-01  8.70014799e-01 -2.93181420e-01]
 [ 1.86757599e-21  7.04593183e-21  8.38614140e-20  4.14972496e-20]]
[MetaLearner] Retrained at session 45 (error_rate=0.73)
HMM state mapping: {1: 'volatile', 0: 'trending', 2: 'mean_reverting'}
Emission means:
[[ 7.84218483e-02  2.99361460e-02  3.69213738e-01 -1.18386400e-01]
 [ 8.79240900e-03  1.04384506e-01  8.70014799e-01 -2.93181420e-01]
 [ 9.68201896e-23  3.84133046e-22  4.58313408e-21  2.19874449e-21]]
[MetaLearner] Retrained at session 60 (error_rate=0.40)
HMM state mapping: {1: 'volatile', 0: 'trending', 2: 'mean_reverting'}
Emission means:
[[ 8.15146412e-02  2.99027054e-02  3.71448576e-01 -1.17653223e-01]
 [ 8.79240900e-03  1.04384506e-01  8.70014799e-01 -2.93181420e-01]
 [ 2.39264219e-21  9.21357275e-21  1.09771259e-19  5.36344596e-20]]
[MetaLearner] Retrained at session 70 (error_rate=0.40)
HMM state mapping: {1: 'volatile', 2: 'trending', 0: 'mean_reverting'}
Emission means:
[[ 0.00247581  0.00832777  0.07363549  0.00260571]
 [-0.03174624  0.1098007   0.86712402 -0.31271592]
 [ 0.07979729  0.0314242   0.36649468 -0.19589584]]
[RiskManager] Veto at session 29: high_volatility = 0.3120
HMM state mapping: {0: 'volatile', 1: 'trending', 2: 'mean_reverting'}
Emission means:
[[-0.03174621  0.10980068  0.86712395 -0.31271591]
 [ 0.08951108  0.02991695  0.36364825 -0.17950044]
 [ 0.00334885  0.00845801  0.07624134  0.0026546 ]]
[MetaLearner] Retrained at session 15 (error_rate=0.53)
[RiskManager] Veto at session 44: high_volatility = 0.1533
[RiskManager] Veto at session 51: high_volatility = 0.3079
HMM state mapping: {0: 'volatile', 1: 'trending', 2: 'mean_reverting'}
Emission means:
[[-0.03174612  0.10980064  0.86712376 -0.31271587]
 [ 0.09555926  0.02767848  0.35089355 -0.16553036]
 [ 0.00358821  0.00906735  0.08192472  0.00138524]]
[MetaLearner] Retrained at session 37 (error_rate=0.40)
[RiskManager] Veto at session 63: high_volatility = 0.3405
HMM state mapping: {2: 'volatile', 0: 'trending', 1: 'mean_reverting'}
Emission means:
[[ 0.07569581  0.02510664  0.3079758  -0.13928802]
 [-0.039648    0.11308036  0.87156716 -0.32435315]
 [ 0.04199003  0.12639763  1.80338158 -0.37531686]]
[MetaLearner] Retrained at session 47 (error_rate=0.60)
[RiskManager] Veto at session 72: high_volatility = 0.3066
[RiskManager] Veto at session 76: high_volatility = 0.3174
HMM state mapping: {2: 'volatile', 1: 'trending', 0: 'mean_reverting'}
Emission means:
[[-0.01383479  0.11216047  0.85593722 -0.30289859]
 [ 0.07300514  0.02537234  0.30742859 -0.14388775]
 [ 0.04199003  0.12639763  1.80338158 -0.37531686]]
[MetaLearner] Retrained at session 57 (error_rate=0.53)
[RiskManager] Veto at session 85: high_volatility = 0.3668
HMM state mapping: {2: 'volatile', 0: 'trending', 1: 'mean_reverting'}
Emission means:
[[ 6.26151231e-02  2.49296363e-02  2.88800824e-01 -1.39724596e-01]
 [-8.52823971e-04  1.04451816e-01  8.16364772e-01 -2.90145479e-01]
 [ 4.19900255e-02  1.26397634e-01  1.80338158e+00 -3.75316857e-01]]
[MetaLearner] Retrained at session 67 (error_rate=0.87)
[RiskManager] Veto at session 89: high_volatility = 0.3141
[RiskManager] Veto at session 93: high_volatility = 0.3052
HMM state mapping: {2: 'volatile', 1: 'trending', 0: 'mean_reverting'}
Emission means:
[[ 0.0057365   0.10421541  0.83040273 -0.28047079]
 [ 0.06600315  0.02453582  0.29092187 -0.11255701]
 [ 0.04199003  0.12639763  1.80338158 -0.37531686]]
[MetaLearner] Retrained at session 77 (error_rate=0.80)
HMM state mapping: {1: 'volatile', 2: 'trending', 0: 'mean_reverting'}
Emission means:
[[ 0.00493689  0.02927288  0.3112714  -0.17055492]
 [ 0.01024293  0.10611124  0.85715159 -0.29933459]
 [ 0.14133962  0.03231739  0.4152239  -0.1437496 ]]
[RiskManager] Veto at session 22: high_volatility = 0.3713
[RiskManager] Veto at session 29: high_volatility = 0.2773
[RiskManager] Veto at session 34: high_volatility = 0.3086
HMM state mapping: {1: 'volatile', 0: 'trending', 2: 'mean_reverting'}
Emission means:
[[ 0.13769028  0.03169571  0.39892759 -0.17796687]
 [ 0.01024298  0.10611122  0.85715143 -0.29933459]
 [ 0.00369935  0.02892948  0.31060282 -0.14805399]]
[MetaLearner] Retrained at session 15 (error_rate=0.33)
[RiskManager] Veto at session 38: high_volatility = 0.3034
[RiskManager] Veto at session 42: high_volatility = 0.3084
HMM state mapping: {0: 'volatile', 1: 'trending', 2: 'mean_reverting'}
Emission means:
[[ 0.0102435   0.10611097  0.85715001 -0.29933439]
 [ 0.0859633   0.09094822  3.44042993 -0.01704689]
 [ 0.07499582  0.03088704  0.35724657 -0.14293077]]
[MetaLearner] Retrained at session 25 (error_rate=0.27)
[RiskManager] Veto at session 48: high_volatility = 0.2868
[RiskManager] Veto at session 52: high_volatility = 0.3619
HMM state mapping: {2: 'volatile', 1: 'trending', 0: 'mean_reverting'}
Emission means:
[[ 0.07456932  0.03051954  0.35617084 -0.147085  ]
 [ 0.0859633   0.09094822  3.44042993 -0.01704689]
 [ 0.0158224   0.10022881  0.88809499 -0.30016766]]
[MetaLearner] Retrained at session 35 (error_rate=0.40)
[RiskManager] Veto at session 59: high_volatility = 0.1592
[RiskManager] Veto at session 63: high_volatility = 0.1548
[RiskManager] Veto at session 67: high_volatility = 0.4061
[RiskManager] Veto at session 71: high_volatility = 0.3425
HMM state mapping: {2: 'volatile', 1: 'trending', 0: 'mean_reverting'}
Emission means:
[[ 0.06987531  0.03039789  0.34979691 -0.1423516 ]
 [ 0.0859633   0.09094822  3.44042993 -0.01704689]
 [ 0.01083046  0.10287952  0.88980172 -0.31610925]]
[MetaLearner] Retrained at session 51 (error_rate=0.27)
[RiskManager] Veto at session 75: high_volatility = 0.3316
[RiskManager] Veto at session 79: high_volatility = 0.3235
HMM state mapping: {2: 'volatile', 1: 'trending', 0: 'mean_reverting'}
Emission means:
[[ 0.07962756  0.02953308  0.35124415 -0.13916541]
 [ 0.0859633   0.09094822  3.44042993 -0.01704689]
 [ 0.00754134  0.09957694  0.88590231 -0.30999226]]
[MetaLearner] Retrained at session 61 (error_rate=0.67)
[RiskManager] Veto at session 83: high_volatility = 0.3409
[RiskManager] Veto at session 90: high_volatility = 0.1588
HMM state mapping: {0: 'volatile', 1: 'trending', 2: 'mean_reverting'}
Emission means:
[[ 0.00991017  0.09349733  0.81758882 -0.2989778 ]
 [ 0.08716195  0.02973112  0.3568415  -0.14328141]
 [ 0.0859633   0.09094822  3.44042993 -0.01704689]]
[MetaLearner] Retrained at session 71 (error_rate=0.33)
HMM state mapping: {0: 'volatile', 1: 'trending', 2: 'mean_reverting'}
Emission means:
[[-0.00378825  0.10845424  0.82824433 -0.28349086]
 [ 0.07999282  0.03138111  0.38333838  0.05026742]
 [ 0.07086951  0.03060382  0.35760889 -0.19172431]]
[RiskManager] Veto at session 22: high_volatility = 0.3717
[RiskManager] Veto at session 26: high_volatility = 0.3856
[RiskManager] Veto at session 30: high_volatility = 0.3015
[RiskManager] Veto at session 34: high_volatility = 0.3473
HMM state mapping: {1: 'volatile', 2: 'trending', 0: 'mean_reverting'}
Emission means:
[[ 0.00775277  0.03134472  0.30351647 -0.1204356 ]
 [-0.00378849  0.10845443  0.82824541 -0.28349086]
 [ 0.14622137  0.02894191  0.41900902 -0.16656036]]
[MetaLearner] Retrained at session 15 (error_rate=0.47)
[RiskManager] Veto at session 41: high_volatility = 0.2717
HMM state mapping: {2: 'volatile', 0: 'trending', 1: 'mean_reverting'}
Emission means:
[[ 0.06790067  0.0303442   0.35687263 -0.13964689]
 [-0.00378584  0.10381736  0.789944   -0.29364007]
 [ 0.07445315  0.14517104  1.64242395 -0.3399218 ]]
[MetaLearner] Retrained at session 25 (error_rate=0.47)
[RiskManager] Veto at session 47: high_volatility = 0.1565
[RiskManager] Veto at session 51: high_volatility = 0.3369
[RiskManager] Veto at session 55: high_volatility = 0.3418
HMM state mapping: {2: 'volatile', 1: 'trending', 0: 'mean_reverting'}
Emission means:
[[-0.01723956  0.10712698  0.79359201 -0.30968848]
 [ 0.05916216  0.03026916  0.35016708 -0.16005768]
 [ 0.07445315  0.14517104  1.64242395 -0.3399218 ]]
[MetaLearner] Retrained at session 35 (error_rate=0.53)
HMM state mapping: {2: 'volatile', 1: 'trending', 0: 'mean_reverting'}
Emission means:
[[-0.01583614  0.10615382  0.78742876 -0.31787228]
 [ 0.05563656  0.03029962  0.34700491 -0.14585809]
 [ 0.07445315  0.14517104  1.64242395 -0.3399218 ]]
[MetaLearner] Retrained at session 45 (error_rate=0.80)
[RiskManager] Veto at session 70: high_volatility = 0.1770
HMM state mapping: {2: 'volatile', 0: 'trending', 1: 'mean_reverting'}
Emission means:
[[ 0.0647788   0.02956675  0.34385431 -0.13273946]
 [-0.01805707  0.10608561  0.78575822 -0.32205444]
 [ 0.10839023  0.13556473  1.50797447 -0.39043613]]
[MetaLearner] Retrained at session 55 (error_rate=0.40)
[RiskManager] Veto at session 77: high_volatility = 0.2666
HMM state mapping: {2: 'volatile', 0: 'trending', 1: 'mean_reverting'}
Emission means:
[[ 0.05071321  0.02975322  0.33230362 -0.12571153]
 [-0.02064178  0.10400105  0.74733333 -0.32170717]
 [ 0.10839023  0.13556472  1.50797433 -0.39043608]]
[MetaLearner] Retrained at session 65 (error_rate=0.73)
HMM state mapping: {0: 'volatile', 1: 'trending', 2: 'mean_reverting'}
Emission means:
[[ 0.10839023  0.13556472  1.50797433 -0.39043608]
 [ 0.0537769   0.02955332  0.33401054 -0.12598735]
 [-0.02064182  0.10400107  0.74733347 -0.32170721]]
[MetaLearner] Retrained at session 75 (error_rate=0.47)
HMM state mapping: {1: 'volatile', 2: 'trending', 0: 'mean_reverting'}
Emission means:
[[ 0.01065633  0.03245104  0.30523315 -0.15833094]
 [-0.02178684  0.09825584  0.8085799  -0.27781123]
 [ 0.13667243  0.0321525   0.423497   -0.1307454 ]]
[RiskManager] Veto at session 23: high_volatility = 0.1668
[RiskManager] Veto at session 27: high_volatility = 0.2638
[RiskManager] Veto at session 31: high_volatility = 0.3606
[RiskManager] Veto at session 38: high_volatility = 0.1637
[RiskManager] Veto at session 43: high_volatility = 0.1654
[RiskManager] Veto at session 47: high_volatility = 0.3400
[RiskManager] Veto at session 51: high_volatility = 0.3377
[RiskManager] Veto at session 55: high_volatility = 0.3585
[RiskManager] Veto at session 70: high_volatility = 0.1707
[RiskManager] Veto at session 76: high_volatility = 0.1676
[RiskManager] Veto at session 86: high_volatility = 0.1618
[RiskManager] Veto at session 90: high_volatility = 0.1658
[RiskManager] Veto at session 99: high_volatility = 0.3677
HMM state mapping: {0: 'volatile', 1: 'trending', 2: 'mean_reverting'}
Emission means:
[[-0.02408734  0.10125345  0.85993952 -0.27300183]
 [ 0.13914541  0.03022543  0.39935754 -0.12003369]
 [ 0.00201083  0.03234736  0.29190279 -0.16682229]]
[RiskManager] Veto at session 24: high_volatility = 0.2972
[RiskManager] Veto at session 28: high_volatility = 0.3338
[RiskManager] Veto at session 33: high_volatility = 0.1511
[RiskManager] Veto at session 38: high_volatility = 0.1637
[RiskManager] Veto at session 43: high_volatility = 0.1654
[RiskManager] Veto at session 47: high_volatility = 0.3400
[RiskManager] Veto at session 51: high_volatility = 0.3377
[RiskManager] Veto at session 56: high_volatility = 0.3429
HMM state mapping: {1: 'volatile', 2: 'trending', 0: 'mean_reverting'}
Emission means:
[[-1.43735388e-16  3.16127386e-16  3.25132008e-15 -1.38997911e-15]
 [-8.59998176e-03  1.12837834e-01  8.96584428e-01 -2.86371945e-01]
 [ 3.61378736e-02  3.19715870e-02  3.26154898e-01 -1.58292535e-01]]
[MetaLearner] Retrained at session 37 (error_rate=0.40)
[RiskManager] Veto at session 64: high_volatility = 0.3792
HMM state mapping: {0: 'volatile', 2: 'trending', 1: 'mean_reverting'}
Emission means:
[[-6.34928611e-03  1.13578707e-01  8.93404691e-01 -2.87118124e-01]
 [ 6.49080486e-23  1.51238591e-21  1.25763919e-20 -5.76123688e-21]
 [ 2.69476228e-02  3.22761791e-02  3.19749787e-01 -1.44362761e-01]]
[MetaLearner] Retrained at session 47 (error_rate=0.67)
[RiskManager] Veto at session 70: high_volatility = 0.3490
[RiskManager] Veto at session 74: high_volatility = 0.4281
[RiskManager] Veto at session 86: high_volatility = 0.1861
[RiskManager] Veto at session 93: high_volatility = 0.1666
[RiskManager] Veto at session 99: high_volatility = 0.3215
HMM state mapping: {1: 'volatile', 0: 'trending', 2: 'mean_reverting'}
Emission means:
[[ 0.10844321  0.03072059  0.38280087 -0.2250381 ]
 [ 0.0270404   0.10537237  0.80573271 -0.26275662]
 [ 0.01668584  0.03014841  0.29399785 -0.06899715]]
[RiskManager] Veto at session 24: high_volatility = 0.3448
[RiskManager] Veto at session 31: high_volatility = 0.1505
[RiskManager] Veto at session 38: high_volatility = 0.2462
[RiskManager] Veto at session 43: high_volatility = 0.3292
[RiskManager] Veto at session 47: high_volatility = 0.3244
[RiskManager] Veto at session 55: high_volatility = 0.1740
[RiskManager] Veto at session 63: high_volatility = 0.3731
[RiskManager] Veto at session 71: high_volatility = 0.1749
[RiskManager] Veto at session 77: high_volatility = 0.1598
[RiskManager] Veto at session 81: high_volatility = 0.2092
[RiskManager] Veto at session 88: high_volatility = 0.2974
[RiskManager] Veto at session 93: high_volatility = 0.2621
HMM state mapping: {1: 'volatile', 0: 'trending', 2: 'mean_reverting'}
Emission means:
[[ 0.13745248  0.03169882  0.41320126 -0.1238925 ]
 [ 0.01100935  0.10155015  0.8205836  -0.2641796 ]
 [ 0.00478635  0.03394585  0.31438323 -0.14829612]]
[RiskManager] Veto at session 22: high_volatility = 0.3124
[RiskManager] Veto at session 35: high_volatility = 0.1501
[RiskManager] Veto at session 39: high_volatility = 0.1691
[RiskManager] Veto at session 44: high_volatility = 0.4131
[RiskManager] Veto at session 48: high_volatility = 0.3017
[RiskManager] Veto at session 52: high_volatility = 0.1687
[RiskManager] Veto at session 58: high_volatility = 0.3893
HMM state mapping: {1: 'volatile', 2: 'trending', 0: 'mean_reverting'}
Emission means:
[[-2.90873101e-20  8.55258341e-20  9.86082167e-19 -1.64292357e-19]
 [ 8.11251288e-04  9.96844602e-02  8.11014812e-01 -2.47886358e-01]
 [ 6.54770536e-02  3.22946769e-02  3.54378688e-01 -1.40939486e-01]]
[MetaLearner] Retrained at session 39 (error_rate=0.53)
[RiskManager] Veto at session 63: high_volatility = 0.3786
[RiskManager] Veto at session 67: high_volatility = 0.3935
HMM state mapping: {0: 'volatile', 2: 'trending', 1: 'mean_reverting'}
Emission means:
[[-1.96481309e-02  9.76905423e-02  8.07914082e-01 -2.34863400e-01]
 [ 9.99148533e-35  1.64992657e-33  1.32322129e-32 -8.19844814e-33]
 [ 6.28547798e-02  3.22854667e-02  3.46628385e-01 -1.33949353e-01]]
[MetaLearner] Retrained at session 49 (error_rate=0.80)
[RiskManager] Veto at session 76: high_volatility = 0.3013
HMM state mapping: {0: 'volatile', 2: 'trending', 1: 'mean_reverting'}
Emission means:
[[-1.27675430e-02  9.53186742e-02  7.85919538e-01 -2.38612674e-01]
 [ 2.02918873e-39  2.68450443e-39  3.21983324e-38 -5.92961928e-39]
 [ 6.17088548e-02  3.15337480e-02  3.41810025e-01 -1.35866246e-01]]
[MetaLearner] Retrained at session 59 (error_rate=0.67)
[RiskManager] Veto at session 81: high_volatility = 0.2916
[RiskManager] Veto at session 86: high_volatility = 0.1715
HMM state mapping: {1: 'volatile', 0: 'trending', 2: 'mean_reverting'}
Emission means:
[[ 3.93492049e-02  4.85239072e-02  4.60451382e-01 -1.76563768e-01]
 [ 1.17517444e-01  1.29097773e-01  2.75419268e+00 -4.56232128e-01]
 [-3.54202978e-38  8.93876063e-38  8.77909987e-37 -1.69124689e-37]]
[MetaLearner] Retrained at session 69 (error_rate=0.80)
HMM state mapping: {1: 'volatile', 2: 'trending', 0: 'mean_reverting'}
Emission means:
[[-4.70383089e-38  1.15045608e-37  1.12717412e-36 -2.17245564e-37]
 [ 1.17517444e-01  1.29097773e-01  2.75419268e+00 -4.56232128e-01]
 [ 3.27244764e-02  5.06667027e-02  4.75207459e-01 -1.87985305e-01]]
[MetaLearner] Retrained at session 79 (error_rate=0.53)
HMM state mapping: {1: 'volatile', 2: 'trending', 0: 'mean_reverting'}
Emission means:
[[ 0.00209884  0.03246234  0.30310175 -0.21804877]
 [-0.00215868  0.1003144   0.82244754 -0.26963533]
 [ 0.13920812  0.02850971  0.38538623 -0.09969771]]
[RiskManager] Veto at session 23: high_volatility = 0.2925
[RiskManager] Veto at session 27: high_volatility = 0.3907
[RiskManager] Veto at session 32: high_volatility = 0.1572
[RiskManager] Veto at session 38: high_volatility = 0.1565
[RiskManager] Veto at session 43: high_volatility = 0.2845
[RiskManager] Veto at session 47: high_volatility = 0.3400
[RiskManager] Veto at session 53: high_volatility = 0.1802
[RiskManager] Veto at session 57: high_volatility = 0.3344
[RiskManager] Veto at session 64: high_volatility = 0.2699
[RiskManager] Veto at session 68: high_volatility = 0.3458
HMM state mapping: {2: 'volatile', 1: 'trending', 0: 'mean_reverting'}
Emission means:
[[ 0.00400696  0.10784611  0.84722812 -0.28370946]
 [ 0.02542306  0.03081979  0.30848963 -0.13804055]
 [ 0.09035234  0.38875639  3.11662383 -0.53165427]]
[MetaLearner] Retrained at session 53 (error_rate=0.40)
[RiskManager] Veto at session 74: high_volatility = 0.3888
[RiskManager] Veto at session 84: high_volatility = 0.3570
HMM state mapping: {2: 'volatile', 0: 'trending', 1: 'mean_reverting'}
Emission means:
[[ 0.01851954  0.02810005  0.28118152 -0.12077643]
 [ 0.00667336  0.11074637  0.86638716 -0.30061267]
 [ 0.09035234  0.38875639  3.11662383 -0.53165427]]
[MetaLearner] Retrained at session 64 (error_rate=0.40)
[RiskManager] Veto at session 88: high_volatility = 0.3709
[RiskManager] Veto at session 92: high_volatility = 0.3439
HMM state mapping: {0: 'volatile', 1: 'trending', 2: 'mean_reverting'}
Emission means:
[[ 0.09035234  0.38875639  3.11662383 -0.53165427]
 [ 0.01415807  0.0250769   0.24868018 -0.09580842]
 [-0.00395787  0.10878993  0.84353839 -0.29334219]]
[MetaLearner] Retrained at session 74 (error_rate=0.67)
HMM state mapping: {2: 'volatile', 0: 'trending', 1: 'mean_reverting'}
Emission means:
[[ 6.89886109e-02  3.41470157e-02  3.46859041e-01 -1.73609436e-01]
 [-1.55509653e-39  4.14126458e-39  3.26181661e-38 -2.12034798e-38]
 [-3.76165360e-02  8.92590133e-02  6.18987717e-01 -2.31035169e-01]]
[RiskManager] Veto at session 26: high_volatility = 0.3769
[RiskManager] Veto at session 31: high_volatility = 0.3186
HMM state mapping: {2: 'volatile', 1: 'trending', 0: 'mean_reverting'}
Emission means:
[[ 1.32727845e-37  2.38913535e-37  2.66599760e-36 -9.37330852e-37]
 [ 6.22746986e-02  3.24885345e-02  3.38057687e-01 -1.83490947e-01]
 [-5.04920160e-02  1.01534260e-01  7.59628622e-01 -2.12117360e-01]]
[MetaLearner] Retrained at session 15 (error_rate=0.67)
[RiskManager] Veto at session 37: high_volatility = 0.2700
[RiskManager] Veto at session 43: high_volatility = 0.2998
HMM state mapping: {1: 'volatile', 2: 'trending', 0: 'mean_reverting'}
Emission means:
[[ 8.34694792e-39  1.50247221e-38  1.67658445e-37 -5.89465644e-38]
 [-4.54681268e-02  9.86924436e-02  7.20217927e-01 -2.22255429e-01]
 [ 5.74201586e-02  3.21415235e-02  3.34661872e-01 -1.71125827e-01]]
[MetaLearner] Retrained at session 25 (error_rate=0.53)
[RiskManager] Veto at session 48: high_volatility = 0.3403
HMM state mapping: {1: 'volatile', 0: 'trending', 2: 'mean_reverting'}
Emission means:
[[ 2.73978988e-02  4.92919481e-02  4.32674464e-01 -1.85409130e-01]
 [ 2.97272501e-02  3.42900700e-01  2.51950868e+00 -6.86449025e-01]
 [ 7.87891870e-40  1.41822566e-39  1.58257512e-38 -5.56413258e-39]]
[MetaLearner] Retrained at session 35 (error_rate=0.53)
[RiskManager] Veto at session 56: high_volatility = 0.3429
[RiskManager] Veto at session 62: high_volatility = 0.2672
HMM state mapping: {2: 'volatile', 0: 'trending', 1: 'mean_reverting'}
Emission means:
[[ 1.93067042e-02  6.52683397e-02  5.38877927e-01 -2.11979112e-01]
 [ 4.55540729e-36  8.19985127e-36  9.15008132e-35 -3.21705113e-35]
 [ 2.97272501e-02  3.42900700e-01  2.51950868e+00 -6.86449025e-01]]
[MetaLearner] Retrained at session 45 (error_rate=0.60)
[RiskManager] Veto at session 67: high_volatility = 0.3699
HMM state mapping: {2: 'volatile', 1: 'trending', 0: 'mean_reverting'}
Emission means:
[[ 2.41427744e-29  4.34576902e-29  4.84937008e-28 -1.70496853e-28]
 [ 1.72160927e-02  6.18992210e-02  5.20774061e-01 -2.01339845e-01]
 [ 2.97272501e-02  3.42900700e-01  2.51950868e+00 -6.86449025e-01]]
[MetaLearner] Retrained at session 55 (error_rate=0.73)
HMM state mapping: {1: 'volatile', 2: 'trending', 0: 'mean_reverting'}
Emission means:
[[ 2.01285773e-03  1.32796267e-02  1.23098378e-01 -6.07729180e-02]
 [-2.23090336e-02  3.37543746e-01  2.78764308e+00 -6.40008627e-01]
 [ 2.62302236e-02  8.29466840e-02  6.76465494e-01 -2.36747505e-01]]
[MetaLearner] Retrained at session 65 (error_rate=0.93)
[RiskManager] Veto at session 86: high_volatility = 0.3322
HMM state mapping: {1: 'volatile', 0: 'trending', 2: 'mean_reverting'}
Emission means:
[[ 0.0317384   0.0183948   0.1924802  -0.10112093]
 [-0.02230903  0.33754375  2.78764308 -0.64000863]
 [-0.00743443  0.10635986  0.81981056 -0.23106069]]
[MetaLearner] Retrained at session 75 (error_rate=0.47)
[RiskManager] Veto at session 97: high_volatility = 0.3139
HMM state mapping: {0: 'volatile', 1: 'trending', 2: 'mean_reverting'}
Emission means:
[[ 0.00942925  0.1067581   0.82484441 -0.27821522]
 [ 0.06999906  0.0328607   0.3566275  -0.26444092]
 [ 0.06711848  0.03196963  0.37155906 -0.06942528]]
[RiskManager] Veto at session 25: high_volatility = 0.3085
[RiskManager] Veto at session 31: high_volatility = 0.1610
[RiskManager] Veto at session 38: high_volatility = 0.2912
[RiskManager] Veto at session 42: high_volatility = 0.3253
HMM state mapping: {1: 'volatile', 2: 'trending', 0: 'mean_reverting'}
Emission means:
[[ 0.05100408  0.03254619  0.3371672  -0.26502989]
 [ 0.00926205  0.10632848  0.82191917 -0.29645781]
 [ 0.10077725  0.03088966  0.38116718 -0.13196306]]
[MetaLearner] Retrained at session 24 (error_rate=0.67)
[RiskManager] Veto at session 46: high_volatility = 0.2333
[RiskManager] Veto at session 50: high_volatility = 0.2928
[RiskManager] Veto at session 54: high_volatility = 0.3748
HMM state mapping: {1: 'volatile', 2: 'trending', 0: 'mean_reverting'}
Emission means:
[[ 0.0650893   0.05447242  0.53481724 -0.24585007]
 [ 0.00872985  0.10717954  0.81397211 -0.30622074]
 [ 0.06781754  0.03046358  0.34715893 -0.15389724]]
[MetaLearner] Retrained at session 34 (error_rate=0.67)
[RiskManager] Veto at session 61: high_volatility = 0.1833
[RiskManager] Veto at session 70: high_volatility = 0.3444
[RiskManager] Veto at session 76: high_volatility = 0.1659
HMM state mapping: {1: 'volatile', 0: 'trending', 2: 'mean_reverting'}
Emission means:
[[ 1.28912305e-01  2.97751662e-02  3.89521404e-01 -1.71827281e-01]
 [ 1.44142620e-02  1.02596593e-01  8.18923017e-01 -2.76784036e-01]
 [-7.49649429e-04  3.03241487e-02  2.89987089e-01 -1.45274062e-01]]
[MetaLearner] Retrained at session 66 (error_rate=0.67)
HMM state mapping: {1: 'volatile', 2: 'trending', 0: 'mean_reverting'}
Emission means:
[[ 0.00812819  0.03228406  0.3016844  -0.23237459]
 [-0.0196013   0.10385137  0.81171559 -0.26911853]
 [ 0.13611441  0.03471987  0.45033382 -0.10860423]]
[RiskManager] Veto at session 26: high_volatility = 0.1791
[RiskManager] Veto at session 30: high_volatility = 0.2513
[RiskManager] Veto at session 34: high_volatility = 0.3037
[RiskManager] Veto at session 40: high_volatility = 0.1563
[RiskManager] Veto at session 54: high_volatility = 0.1534
[RiskManager] Veto at session 58: high_volatility = 0.2938
[RiskManager] Veto at session 62: high_volatility = 0.3047
[RiskManager] Veto at session 67: high_volatility = 0.1612
[RiskManager] Veto at session 71: high_volatility = 0.1628
[RiskManager] Veto at session 75: high_volatility = 0.3397
[RiskManager] Veto at session 79: high_volatility = 0.3330
[RiskManager] Veto at session 83: high_volatility = 0.3957
[RiskManager] Veto at session 94: high_volatility = 0.1684
[RiskManager] Veto at session 98: high_volatility = 0.1717
HMM state mapping: {1: 'volatile', 2: 'trending', 0: 'mean_reverting'}
Emission means:
[[-0.00959185  0.03048032  0.2924129  -0.20690554]
 [ 0.01054162  0.10486822  0.82551685 -0.31851828]
 [ 0.10648207  0.03134294  0.38667188 -0.06987699]]
[RiskManager] Veto at session 32: high_volatility = 0.2973
[RiskManager] Veto at session 42: high_volatility = 0.1780
[RiskManager] Veto at session 48: high_volatility = 0.1588
[RiskManager] Veto at session 54: high_volatility = 0.1523
[RiskManager] Veto at session 58: high_volatility = 0.2872
[RiskManager] Veto at session 62: high_volatility = 0.3480
[RiskManager] Veto at session 66: high_volatility = 0.3493
[RiskManager] Veto at session 72: high_volatility = 0.2663
[RiskManager] Veto at session 77: high_volatility = 0.1598
[RiskManager] Veto at session 83: high_volatility = 0.1793
[RiskManager] Veto at session 98: high_volatility = 0.1538
HMM state mapping: {1: 'volatile', 0: 'trending', 2: 'mean_reverting'}
Emission means:
[[ 0.07649454  0.03211312  0.37466209 -0.20962865]
 [-0.00305456  0.10313294  0.8043235  -0.26728174]
 [ 0.05953616  0.03082524  0.34874998 -0.04611198]]
[RiskManager] Veto at session 23: high_volatility = 0.3933
[RiskManager] Veto at session 28: high_volatility = 0.3242
[RiskManager] Veto at session 32: high_volatility = 0.3201
HMM state mapping: {1: 'volatile', 2: 'trending', 0: 'mean_reverting'}
Emission means:
[[-3.05455572e-03  1.03132935e-01  8.04323493e-01 -2.67281736e-01]
 [-1.76589304e-03  3.50638148e-01  2.89492936e+00 -5.35975886e-01]
 [ 5.88040572e-02  3.15828230e-02  3.55011291e-01 -1.35816750e-01]]
[MetaLearner] Retrained at session 15 (error_rate=0.60)
[RiskManager] Veto at session 36: high_volatility = 0.3506
HMM state mapping: {1: 'volatile', 2: 'trending', 0: 'mean_reverting'}
Emission means:
[[-3.05455572e-03  1.03132935e-01  8.04323493e-01 -2.67281736e-01]
 [-1.76589304e-03  3.50638148e-01  2.89492936e+00 -5.35975886e-01]
 [ 5.80299898e-02  3.15213036e-02  3.53960055e-01 -1.23639678e-01]]
[MetaLearner] Retrained at session 25 (error_rate=0.73)
[RiskManager] Veto at session 62: high_volatility = 0.3376
[RiskManager] Veto at session 66: high_volatility = 0.3054
HMM state mapping: {1: 'volatile', 0: 'trending', 2: 'mean_reverting'}
Emission means:
[[ 5.51018036e-02  3.13294221e-02  3.48784481e-01 -1.23881441e-01]
 [-1.76589304e-03  3.50638148e-01  2.89492936e+00 -5.35975886e-01]
 [ 8.90098561e-03  1.03110568e-01  8.05971075e-01 -2.38398062e-01]]
[MetaLearner] Retrained at session 47 (error_rate=0.40)
HMM state mapping: {1: 'volatile', 0: 'trending', 2: 'mean_reverting'}
Emission means:
[[ 5.39148169e-02  3.12423586e-02  3.47829490e-01 -1.20902594e-01]
 [-1.76589304e-03  3.50638148e-01  2.89492936e+00 -5.35975886e-01]
 [-2.98902780e-03  1.01434194e-01  8.15269630e-01 -2.52463889e-01]]
[MetaLearner] Retrained at session 57 (error_rate=0.93)
[RiskManager] Veto at session 79: high_volatility = 0.3814
[RiskManager] Veto at session 83: high_volatility = 0.3490
[RiskManager] Veto at session 87: high_volatility = 0.3361
HMM state mapping: {1: 'volatile', 0: 'trending', 2: 'mean_reverting'}
Emission means:
[[ 5.35370307e-02  3.12882896e-02  3.39492084e-01 -1.30875954e-01]
 [-1.76589304e-03  3.50638148e-01  2.89492936e+00 -5.35975886e-01]
 [ 2.36950649e-03  1.03246504e-01  8.27136328e-01 -2.60393347e-01]]
[MetaLearner] Retrained at session 67 (error_rate=0.73)
HMM state mapping: {1: 'volatile', 0: 'trending', 2: 'mean_reverting'}
Emission means:
[[ 5.58049589e-02  3.12223346e-02  3.39584819e-01 -1.21853505e-01]
 [-1.76589304e-03  3.50638148e-01  2.89492936e+00 -5.35975886e-01]
 [ 6.23978480e-03  1.05091569e-01  8.38539073e-01 -2.64666340e-01]]
[MetaLearner] Retrained at session 77 (error_rate=0.73)
HMM state mapping: {1: 'volatile', 2: 'trending', 0: 'mean_reverting'}
Emission means:
[[ 6.94294163e-04  3.43398785e-02  3.22033917e-01 -1.35090475e-01]
 [-1.54219870e-02  1.03943752e-01  8.60112892e-01 -2.59018875e-01]
 [ 1.43397148e-01  3.37842020e-02  4.35031883e-01 -1.64019142e-01]]
[RiskManager] Veto at session 25: high_volatility = 0.1511
[RiskManager] Veto at session 29: high_volatility = 0.1778
[RiskManager] Veto at session 40: high_volatility = 0.1592
[RiskManager] Veto at session 47: high_volatility = 0.1614
[RiskManager] Veto at session 51: high_volatility = 0.1537
[RiskManager] Veto at session 55: high_volatility = 0.1745
[RiskManager] Veto at session 64: high_volatility = 0.1938
[RiskManager] Veto at session 71: high_volatility = 0.1570
[RiskManager] Veto at session 75: high_volatility = 0.1508
HMM state mapping: {0: 'volatile', 1: 'trending', 2: 'mean_reverting'}
Emission means:
[[ 0.0013702   0.10274775  0.81502464 -0.2847055 ]
 [ 0.1087863   0.03243742  0.39743422 -0.15529397]
 [-0.04017009  0.09479831  0.86621572 -0.21243492]]
[MetaLearner] Retrained at session 70 (error_rate=0.40)
[RiskManager] Veto at session 97: high_volatility = 0.2786
HMM state mapping: {1: 'volatile', 2: 'trending', 0: 'mean_reverting'}
Emission means:
[[ 0.01222064  0.03144846  0.31021653 -0.19661259]
 [ 0.0083857   0.1061803   0.83883059 -0.28605697]
 [ 0.13774366  0.03080284  0.41692907 -0.09364321]]
[RiskManager] Veto at session 23: high_volatility = 0.1668
[RiskManager] Veto at session 27: high_volatility = 0.2638
[RiskManager] Veto at session 32: high_volatility = 0.1572
[RiskManager] Veto at session 38: high_volatility = 0.1637
[RiskManager] Veto at session 42: high_volatility = 0.3159
[RiskManager] Veto at session 46: high_volatility = 0.3186
[RiskManager] Veto at session 50: high_volatility = 0.3113
[RiskManager] Veto at session 65: high_volatility = 0.1502
[RiskManager] Veto at session 69: high_volatility = 0.1697
[RiskManager] Veto at session 73: high_volatility = 0.1613
[RiskManager] Veto at session 77: high_volatility = 0.3528
[RiskManager] Veto at session 81: high_volatility = 0.3601
[RiskManager] Veto at session 85: high_volatility = 0.1518
[RiskManager] Veto at session 90: high_volatility = 0.1635
[RiskManager] Veto at session 94: high_volatility = 0.1697
[RiskManager] Veto at session 99: high_volatility = 0.3294
HMM state mapping: {0: 'volatile', 1: 'trending', 2: 'mean_reverting'}
Emission means:
[[-0.01121328  0.10391375  0.83311755 -0.2827953 ]
 [ 0.14590136  0.03631545  0.44433793 -0.15926345]
 [ 0.00387007  0.03227755  0.32661843 -0.17287814]]
[RiskManager] Veto at session 26: high_volatility = 0.1791
[RiskManager] Veto at session 31: high_volatility = 0.1610
[RiskManager] Veto at session 35: high_volatility = 0.1564
HMM state mapping: {1: 'volatile', 2: 'trending', 0: 'mean_reverting'}
Emission means:
[[ 4.03327217e-03  3.22748859e-02  3.26701415e-01 -1.72899560e-01]
 [-5.56169481e-04  1.01257698e-01  8.15643566e-01 -2.80697102e-01]
 [ 1.41048924e-01  3.50193912e-02  4.29367928e-01 -1.76653553e-01]]
[MetaLearner] Retrained at session 15 (error_rate=0.33)
[RiskManager] Veto at session 39: high_volatility = 0.3344
[RiskManager] Veto at session 43: high_volatility = 0.2797
[RiskManager] Veto at session 50: high_volatility = 0.2978
[RiskManager] Veto at session 54: high_volatility = 0.3245
[RiskManager] Veto at session 58: high_volatility = 0.3653
[RiskManager] Veto at session 62: high_volatility = 0.1744
[RiskManager] Veto at session 66: high_volatility = 0.3493
[RiskManager] Veto at session 70: high_volatility = 0.3548
[RiskManager] Veto at session 74: high_volatility = 0.3680
[RiskManager] Veto at session 85: high_volatility = 0.3161
[RiskManager] Veto at session 89: high_volatility = 0.3253
[RiskManager] Veto at session 94: high_volatility = 0.1651
[RiskManager] Veto at session 98: high_volatility = 0.3662
HMM state mapping: {1: 'volatile', 0: 'trending', 2: 'mean_reverting'}
Emission means:
[[ 0.14564332  0.03234881  0.42304232 -0.11409709]
 [-0.00201198  0.1031335   0.81018943 -0.295774  ]
 [ 0.00784406  0.03004546  0.30636643 -0.17297938]]
[RiskManager] Veto at session 23: high_volatility = 0.1543
[RiskManager] Veto at session 27: high_volatility = 0.1648
[RiskManager] Veto at session 45: high_volatility = 0.1560
[RiskManager] Veto at session 52: high_volatility = 0.1929
[RiskManager] Veto at session 56: high_volatility = 0.2490
[RiskManager] Veto at session 60: high_volatility = 0.3579
[RiskManager] Veto at session 82: high_volatility = 0.1761
[RiskManager] Veto at session 86: high_volatility = 0.1666
[RiskManager] Veto at session 91: high_volatility = 0.1640
HMM state mapping: {1: 'volatile', 2: 'trending', 0: 'mean_reverting'}
Emission means:
[[ 0.04876109  0.03000399  0.33121614 -0.19337651]
 [ 0.00959132  0.09818039  0.7905887  -0.27412581]
 [ 0.14190485  0.03032375  0.39863054 -0.05348515]]
[RiskManager] Veto at session 25: high_volatility = 0.2868
HMM state mapping: {1: 'volatile', 0: 'trending', 2: 'mean_reverting'}
Emission means:
[[ 0.08840277  0.03013657  0.36290346 -0.15333053]
 [ 0.09375157  0.13912355  1.81484422 -0.40264082]
 [ 0.00959132  0.09818038  0.7905887  -0.27412581]]
[MetaLearner] Retrained at session 15 (error_rate=0.27)
[RiskManager] Veto at session 38: high_volatility = 0.3682
[RiskManager] Veto at session 44: high_volatility = 0.2863
HMM state mapping: {2: 'volatile', 0: 'trending', 1: 'mean_reverting'}
Emission means:
[[ 0.09342783  0.02804778  0.35138601 -0.1476722 ]
 [ 0.00959132  0.09818038  0.7905887  -0.27412581]
 [ 0.09375157  0.13912355  1.81484422 -0.40264082]]
[MetaLearner] Retrained at session 25 (error_rate=0.40)
HMM state mapping: {1: 'volatile', 0: 'trending', 2: 'mean_reverting'}
Emission means:
[[ 0.09146735  0.02759315  0.348594   -0.13560417]
 [ 0.09375157  0.13912355  1.81484422 -0.40264082]
 [ 0.00959132  0.09818038  0.79058869 -0.27412581]]
[MetaLearner] Retrained at session 35 (error_rate=0.80)
[RiskManager] Veto at session 60: high_volatility = 0.3178
[RiskManager] Veto at session 64: high_volatility = 0.2899
HMM state mapping: {2: 'volatile', 0: 'trending', 1: 'mean_reverting'}
Emission means:
[[ 0.09146735  0.02759315  0.348594   -0.13560417]
 [ 0.00470961  0.09940954  0.77200513 -0.27605568]
 [ 0.09375157  0.13912355  1.81484422 -0.40264082]]
[MetaLearner] Retrained at session 45 (error_rate=0.87)
[RiskManager] Veto at session 68: high_volatility = 0.3710
[RiskManager] Veto at session 72: high_volatility = 0.3891
HMM state mapping: {2: 'volatile', 1: 'trending', 0: 'mean_reverting'}
Emission means:
[[ 0.00368683  0.09969959  0.78215127 -0.29122002]
 [ 0.08913592  0.02768846  0.34110981 -0.14147927]
 [ 0.09375157  0.13912355  1.81484422 -0.40264082]]
[MetaLearner] Retrained at session 55 (error_rate=0.73)
[RiskManager] Veto at session 77: high_volatility = 0.3644
[RiskManager] Veto at session 83: high_volatility = 0.2981
HMM state mapping: {2: 'volatile', 0: 'trending', 1: 'mean_reverting'}
Emission means:
[[ 8.60484117e-02  2.78901304e-02  3.41981030e-01 -1.48235575e-01]
 [-1.51864455e-03  1.00478306e-01  7.97411138e-01 -2.94931288e-01]
 [ 9.37515668e-02  1.39123553e-01  1.81484422e+00 -4.02640824e-01]]
[MetaLearner] Retrained at session 65 (error_rate=0.80)
[RiskManager] Veto at session 87: high_volatility = 0.3267
[RiskManager] Veto at session 91: high_volatility = 0.3508
HMM state mapping: {2: 'volatile', 1: 'trending', 0: 'mean_reverting'}
Emission means:
[[ 0.00343335  0.09951507  0.79990481 -0.29625548]
 [ 0.080975    0.02824512  0.34163479 -0.14900111]
 [ 0.09375157  0.13912355  1.81484422 -0.40264082]]
[MetaLearner] Retrained at session 75 (error_rate=0.67)
HMM state mapping: {1: 'volatile', 2: 'trending', 0: 'mean_reverting'}
Emission means:
[[-1.98349334e-05  3.02475499e-02  2.90622305e-01 -1.66141784e-01]
 [ 1.24634004e-02  9.92128078e-02  8.32971042e-01 -2.82204198e-01]
 [ 1.43890471e-01  3.39469739e-02  4.13708085e-01 -1.47622104e-01]]
[RiskManager] Veto at session 23: high_volatility = 0.2925
[RiskManager] Veto at session 27: high_volatility = 0.3907
[RiskManager] Veto at session 32: high_volatility = 0.1572
[RiskManager] Veto at session 38: high_volatility = 0.1565
[RiskManager] Veto at session 42: high_volatility = 0.3456
[RiskManager] Veto at session 46: high_volatility = 0.2822
[RiskManager] Veto at session 53: high_volatility = 0.1802
[RiskManager] Veto at session 57: high_volatility = 0.1832
[RiskManager] Veto at session 66: high_volatility = 0.1538
[RiskManager] Veto at session 70: high_volatility = 0.3578
[RiskManager] Veto at session 74: high_volatility = 0.3492
[RiskManager] Veto at session 78: high_volatility = 0.3358
[RiskManager] Veto at session 82: high_volatility = 0.3466
[RiskManager] Veto at session 86: high_volatility = 0.1770
HMM state mapping: {1: 'volatile', 2: 'trending', 0: 'mean_reverting'}
Emission means:
[[ 0.01009795  0.0331128   0.30245892 -0.23579745]
 [-0.00943805  0.11278303  0.85187604 -0.28600765]
 [ 0.12973554  0.03261364  0.42462062 -0.1246325 ]]
[RiskManager] Veto at session 32: high_volatility = 0.1576
[RiskManager] Veto at session 36: high_volatility = 0.2886
[RiskManager] Veto at session 47: high_volatility = 0.2494
[RiskManager] Veto at session 51: high_volatility = 0.3468
[RiskManager] Veto at session 56: high_volatility = 0.1521
[RiskManager] Veto at session 61: high_volatility = 0.1882
[RiskManager] Veto at session 73: high_volatility = 0.1524
[RiskManager] Veto at session 80: high_volatility = 0.1594
[RiskManager] Veto at session 85: high_volatility = 0.3071
[RiskManager] Veto at session 89: high_volatility = 0.3617
[RiskManager] Veto at session 94: high_volatility = 0.1697
HMM state mapping: {1: 'volatile', 2: 'trending', 0: 'mean_reverting'}
Emission means:
[[ 6.44137662e-04  3.35084014e-02  2.97133181e-01 -1.63384388e-01]
 [-6.93529347e-03  9.94718590e-02  8.41209793e-01 -2.91078338e-01]
 [ 1.36619691e-01  2.99430501e-02  3.99614784e-01 -1.25668827e-01]]
[RiskManager] Veto at session 22: high_volatility = 0.3633
[RiskManager] Veto at session 29: high_volatility = 0.3291
[RiskManager] Veto at session 33: high_volatility = 0.3612
[RiskManager] Veto at session 37: high_volatility = 0.3215
HMM state mapping: {2: 'volatile', 1: 'trending', 0: 'mean_reverting'}
Emission means:
[[-0.00693434  0.09947004  0.84119524 -0.29107823]
 [ 0.05216703  0.0314299   0.33648069 -0.12304916]
 [-0.00696426  0.34197333  3.14514861 -0.54319418]]
[MetaLearner] Retrained at session 20 (error_rate=0.27)
[RiskManager] Veto at session 41: high_volatility = 0.3420
[RiskManager] Veto at session 45: high_volatility = 0.3691
[RiskManager] Veto at session 49: high_volatility = 0.2966
HMM state mapping: {2: 'volatile', 1: 'trending', 0: 'mean_reverting'}
Emission means:
[[-0.00365749  0.10468816  0.83259961 -0.32584326]
 [ 0.05681695  0.03155696  0.34076982 -0.1267935 ]
 [-0.00696426  0.34197333  3.14514861 -0.54319418]]
[MetaLearner] Retrained at session 30 (error_rate=0.60)
[RiskManager] Veto at session 64: high_volatility = 0.3107
HMM state mapping: {1: 'volatile', 0: 'trending', 2: 'mean_reverting'}
Emission means:
[[ 4.46021780e-02  3.18196016e-02  3.31425525e-01 -1.39227893e-01]
 [-6.96425763e-03  3.41973328e-01  3.14514861e+00 -5.43194182e-01]
 [ 2.76820122e-03  1.04400405e-01  8.16422273e-01 -3.20623222e-01]]
[MetaLearner] Retrained at session 46 (error_rate=0.27)
[RiskManager] Veto at session 75: high_volatility = 0.3696
HMM state mapping: {1: 'volatile', 0: 'trending', 2: 'mean_reverting'}
Emission means:
[[ 0.04262231  0.03171219  0.32875846 -0.13339725]
 [-0.00696426  0.34197333  3.14514861 -0.54319418]
 [ 0.01223893  0.10249065  0.83159537 -0.34483813]]
[MetaLearner] Retrained at session 56 (error_rate=0.53)
[RiskManager] Veto at session 79: high_volatility = 0.3536
[RiskManager] Veto at session 85: high_volatility = 0.3974
HMM state mapping: {1: 'volatile', 0: 'trending', 2: 'mean_reverting'}
Emission means:
[[ 0.03493431  0.03098925  0.32208289 -0.1199558 ]
 [-0.00696426  0.34197333  3.14514861 -0.54319418]
 [ 0.01996271  0.10067664  0.8036243  -0.33955136]]
[MetaLearner] Retrained at session 66 (error_rate=0.73)
[RiskManager] Veto at session 89: high_volatility = 0.3411
[RiskManager] Veto at session 93: high_volatility = 0.3501
HMM state mapping: {1: 'volatile', 2: 'trending', 0: 'mean_reverting'}
Emission means:
[[ 0.01602872  0.10065218  0.80014206 -0.32446473]
 [-0.00696426  0.34197333  3.14514861 -0.54319418]
 [ 0.02341144  0.03172483  0.32778778 -0.13007439]]
[MetaLearner] Retrained at session 76 (error_rate=0.80)
HMM state mapping: {0: 'volatile', 2: 'trending', 1: 'mean_reverting'}
Emission means:
[[-2.13228454e-04  1.06629473e-01  8.46580637e-01 -3.41140086e-01]
 [ 1.75663331e-02  3.24761854e-02  3.17543835e-01 -1.50461436e-01]
 [ 1.37382844e-01  3.41847190e-02  4.39785843e-01 -1.35908837e-01]]
[RiskManager] Veto at session 22: high_volatility = 0.3521
[RiskManager] Veto at session 29: high_volatility = 0.1598
[RiskManager] Veto at session 40: high_volatility = 0.3273
[RiskManager] Veto at session 44: high_volatility = 0.2984
[RiskManager] Veto at session 53: high_volatility = 0.1980
[RiskManager] Veto at session 62: high_volatility = 0.2883
[RiskManager] Veto at session 66: high_volatility = 0.2915
[RiskManager] Veto at session 72: high_volatility = 0.1687
[RiskManager] Veto at session 77: high_volatility = 0.1699
[RiskManager] Veto at session 81: high_volatility = 0.3130
[RiskManager] Veto at session 86: high_volatility = 0.1550
[RiskManager] Veto at session 99: high_volatility = 0.3009
HMM state mapping: {0: 'volatile', 1: 'trending', 2: 'mean_reverting'}
Emission means:
[[ 0.00289171  0.09902007  0.81289621 -0.30270055]
 [ 0.14926632  0.03224069  0.43153374 -0.11688213]
 [ 0.0052468   0.03240229  0.29476421 -0.12458881]]
[RiskManager] Veto at session 22: high_volatility = 0.3633
[RiskManager] Veto at session 28: high_volatility = 0.3119
[RiskManager] Veto at session 34: high_volatility = 0.1744
[RiskManager] Veto at session 42: high_volatility = 0.1890
[RiskManager] Veto at session 46: high_volatility = 0.3524
[RiskManager] Veto at session 50: high_volatility = 0.3109
[RiskManager] Veto at session 54: high_volatility = 0.1741
[RiskManager] Veto at session 58: high_volatility = 0.1639
[RiskManager] Veto at session 62: high_volatility = 0.1626
[RiskManager] Veto at session 66: high_volatility = 0.3673
[RiskManager] Veto at session 70: high_volatility = 0.3490
[RiskManager] Veto at session 74: high_volatility = 0.3070
[RiskManager] Veto at session 80: high_volatility = 0.4077
[RiskManager] Veto at session 85: high_volatility = 0.3359
[RiskManager] Veto at session 90: high_volatility = 0.1551
[RiskManager] Veto at session 94: high_volatility = 0.3061
[RiskManager] Veto at session 98: high_volatility = 0.3038
HMM state mapping: {1: 'volatile', 0: 'trending', 2: 'mean_reverting'}
Emission means:
[[ 0.0789394   0.03143838  0.37253445 -0.19754336]
 [ 0.01091837  0.10205928  0.81778187 -0.2406654 ]
 [ 0.06428276  0.03108361  0.34353166 -0.04818504]]
[RiskManager] Veto at session 22: high_volatility = 0.3252
[RiskManager] Veto at session 30: high_volatility = 0.3015
HMM state mapping: {1: 'volatile', 0: 'trending', 2: 'mean_reverting'}
Emission means:
[[ 0.0516374   0.02947451  0.32393421 -0.11044083]
 [-0.04544282  0.34519622  3.16228574 -0.49914311]
 [ 0.01091656  0.10205907  0.81777687 -0.24067342]]
[MetaLearner] Retrained at session 15 (error_rate=0.67)
[RiskManager] Veto at session 36: high_volatility = 0.3452
[RiskManager] Veto at session 40: high_volatility = 0.3166
[RiskManager] Veto at session 44: high_volatility = 0.3473
HMM state mapping: {1: 'volatile', 0: 'trending', 2: 'mean_reverting'}
Emission means:
[[ 0.05164044  0.02947417  0.32393582 -0.11044237]
 [-0.04544282  0.34519622  3.16228574 -0.49914311]
 [ 0.02003508  0.10330853  0.83787196 -0.27546808]]
[MetaLearner] Retrained at session 25 (error_rate=0.73)
HMM state mapping: {2: 'volatile', 0: 'trending', 1: 'mean_reverting'}
Emission means:
[[ 0.04694403  0.02679679  0.29449951 -0.10040941]
 [ 0.02339804  0.10567332  0.8481103  -0.27291519]
 [-0.04544282  0.34519622  3.16228574 -0.49914311]]
[MetaLearner] Retrained at session 35 (error_rate=0.93)
HMM state mapping: {1: 'volatile', 0: 'trending', 2: 'mean_reverting'}
Emission means:
[[ 0.05280586  0.0264065   0.29654522 -0.11172155]
 [-0.04544282  0.34519622  3.16228574 -0.49914311]
 [ 0.02339538  0.10567232  0.84809892 -0.2729194 ]]
[MetaLearner] Retrained at session 45 (error_rate=0.60)
HMM state mapping: {2: 'volatile', 1: 'trending', 0: 'mean_reverting'}
Emission means:
[[ 0.02626514  0.106804    0.86079224 -0.2683765 ]
 [ 0.05050986  0.02525813  0.28365046 -0.10686415]
 [-0.04544282  0.34519622  3.16228574 -0.49914311]]
[MetaLearner] Retrained at session 55 (error_rate=0.53)
HMM state mapping: {1: 'volatile', 2: 'trending', 0: 'mean_reverting'}
Emission means:
[[ 0.02301581  0.10683513  0.86774594 -0.27588253]
 [-0.04544282  0.34519622  3.16228574 -0.49914311]
 [ 0.05050986  0.02525812  0.28365036 -0.10686412]]
[MetaLearner] Retrained at session 65 (error_rate=1.00)
[RiskManager] Veto at session 87: high_volatility = 0.3018
[RiskManager] Veto at session 91: high_volatility = 0.3031
HMM state mapping: {2: 'volatile', 0: 'trending', 1: 'mean_reverting'}
Emission means:
[[ 0.04353345  0.02487173  0.26353045 -0.10632898]
 [ 0.01585091  0.1091637   0.87048884 -0.2929295 ]
 [-0.04544282  0.34519622  3.16228574 -0.49914311]]
[MetaLearner] Retrained at session 75 (error_rate=0.67)
HMM state mapping: {1: 'volatile', 0: 'trending', 2: 'mean_reverting'}
Emission means:
[[ 0.14414146  0.03249741  0.43530926 -0.13275841]
 [-0.00363488  0.10689502  0.83379057 -0.35175673]
 [ 0.00366692  0.0305308   0.31171643 -0.16563429]]
[RiskManager] Veto at session 23: high_volatility = 0.3118
[RiskManager] Veto at session 27: high_volatility = 0.3010
[RiskManager] Veto at session 31: high_volatility = 0.2934
[RiskManager] Veto at session 48: high_volatility = 0.3285
[RiskManager] Veto at session 52: high_volatility = 0.3106
[RiskManager] Veto at session 59: high_volatility = 0.1605
[RiskManager] Veto at session 63: high_volatility = 0.1872
[RiskManager] Veto at session 67: high_volatility = 0.3644
[RiskManager] Veto at session 71: high_volatility = 0.2898
[RiskManager] Veto at session 75: high_volatility = 0.2548
[RiskManager] Veto at session 79: high_volatility = 0.2894
[RiskManager] Veto at session 87: high_volatility = 0.1587
[RiskManager] Veto at session 93: high_volatility = 0.2559
[RiskManager] Veto at session 97: high_volatility = 0.2710
HMM state mapping: {1: 'volatile', 0: 'trending', 2: 'mean_reverting'}
Emission means:
[[ 0.14908335  0.03409179  0.4561295  -0.06261818]
 [ 0.01151692  0.11028127  0.85261332 -0.27341051]
 [ 0.05279388  0.03182645  0.33022126 -0.21272042]]
[RiskManager] Veto at session 24: high_volatility = 0.2972
[RiskManager] Veto at session 28: high_volatility = 0.3338
[RiskManager] Veto at session 33: high_volatility = 0.3680
[RiskManager] Veto at session 37: high_volatility = 0.3295
HMM state mapping: {1: 'volatile', 0: 'trending', 2: 'mean_reverting'}
Emission means:
[[ 0.09261873  0.03145302  0.37726596 -0.14315638]
 [ 0.07843888  0.28183312  2.11458871 -0.52868647]
 [ 0.01151692  0.11028127  0.85261332 -0.27341051]]
[MetaLearner] Retrained at session 20 (error_rate=0.67)
[RiskManager] Veto at session 41: high_volatility = 0.2818
HMM state mapping: {1: 'volatile', 0: 'trending', 2: 'mean_reverting'}
Emission means:
[[ 0.09531389  0.0313393   0.37748137 -0.14300265]
 [ 0.07843888  0.28183312  2.11458871 -0.52868647]
 [ 0.00811438  0.11028341  0.93726541 -0.27801069]]
[MetaLearner] Retrained at session 30 (error_rate=0.67)
[RiskManager] Veto at session 52: high_volatility = 0.2999
[RiskManager] Veto at session 56: high_volatility = 0.3318
[RiskManager] Veto at session 60: high_volatility = 0.3494
HMM state mapping: {2: 'volatile', 1: 'trending', 0: 'mean_reverting'}
Emission means:
[[ 0.0140199   0.10733048  0.93136795 -0.26496356]
 [ 0.09498648  0.03154509  0.38062173 -0.13619499]
 [ 0.07843888  0.28183312  2.11458871 -0.52868647]]
[MetaLearner] Retrained at session 40 (error_rate=0.73)
[RiskManager] Veto at session 71: high_volatility = 0.3284
[RiskManager] Veto at session 75: high_volatility = 0.2204
[RiskManager] Veto at session 79: high_volatility = 0.2843
[RiskManager] Veto at session 87: high_volatility = 0.3202
[RiskManager] Veto at session 96: high_volatility = 0.3108
HMM state mapping: {1: 'volatile', 2: 'trending', 0: 'mean_reverting'}
Emission means:
[[ 0.04853064  0.03392173  0.35067531 -0.22648791]
 [-0.01464839  0.09964422  0.80604098 -0.31748083]
 [ 0.10094156  0.03042487  0.35968962 -0.04908224]]
[RiskManager] Veto at session 26: high_volatility = 0.1841
[RiskManager] Veto at session 31: high_volatility = 0.1561
[RiskManager] Veto at session 37: high_volatility = 0.1702
[RiskManager] Veto at session 42: high_volatility = 0.3186
[RiskManager] Veto at session 46: high_volatility = 0.3669
[RiskManager] Veto at session 50: high_volatility = 0.3429
HMM state mapping: {1: 'volatile', 0: 'trending', 2: 'mean_reverting'}
Emission means:
[[ 0.14384269  0.03078947  0.40560246 -0.14299764]
 [-0.00471584  0.10829523  0.84625754 -0.33578604]
 [ 0.00902369  0.03295975  0.30882437 -0.15042959]]
[MetaLearner] Retrained at session 30 (error_rate=0.67)
[RiskManager] Veto at session 58: high_volatility = 0.3017
[RiskManager] Veto at session 65: high_volatility = 0.1606
[RiskManager] Veto at session 69: high_volatility = 0.3364
[RiskManager] Veto at session 73: high_volatility = 0.3342
[RiskManager] Veto at session 80: high_volatility = 0.1594
[RiskManager] Veto at session 84: high_volatility = 0.1728
[RiskManager] Veto at session 96: high_volatility = 0.1867
HMM state mapping: {1: 'volatile', 2: 'trending', 0: 'mean_reverting'}
Emission means:
[[ 0.00806648  0.02953955  0.30525646 -0.15983955]
 [-0.00852943  0.1106685   0.88477972 -0.27266721]
 [ 0.144032    0.03265222  0.41217556 -0.18790084]]
[RiskManager] Veto at session 22: high_volatility = 0.3717
[RiskManager] Veto at session 26: high_volatility = 0.3856
[RiskManager] Veto at session 30: high_volatility = 0.3015
HMM state mapping: {1: 'volatile', 2: 'trending', 0: 'mean_reverting'}
Emission means:
[[ 0.0153463   0.02907355  0.29519203 -0.13466191]
 [-0.00852943  0.1106685   0.88477972 -0.27266721]
 [ 0.14685674  0.03172078  0.4130122  -0.18379409]]
[MetaLearner] Retrained at session 19 (error_rate=0.27)
[RiskManager] Veto at session 41: high_volatility = 0.3177
[RiskManager] Veto at session 47: high_volatility = 0.1565
HMM state mapping: {1: 'volatile', 0: 'trending', 2: 'mean_reverting'}
Emission means:
[[ 5.69043666e-02  3.01746289e-02  3.33015118e-01 -1.51590515e-01]
 [ 2.66721197e-03  3.41862084e-01  3.01913670e+00 -5.61424434e-01]
 [-1.22619996e-02  1.05515118e-01  8.19043592e-01 -2.93004722e-01]]
[MetaLearner] Retrained at session 30 (error_rate=0.27)
[RiskManager] Veto at session 51: high_volatility = 0.3419
HMM state mapping: {1: 'volatile', 0: 'trending', 2: 'mean_reverting'}
Emission means:
[[ 5.11224777e-02  3.01648436e-02  3.28152416e-01 -1.60545111e-01]
 [ 2.66721197e-03  3.41862084e-01  3.01913670e+00 -5.61424434e-01]
 [-1.40460309e-02  1.06815057e-01  8.22169231e-01 -2.91958762e-01]]
[MetaLearner] Retrained at session 40 (error_rate=0.67)
HMM state mapping: {0: 'volatile', 1: 'trending', 2: 'mean_reverting'}
Emission means:
[[ 2.66721197e-03  3.41862084e-01  3.01913670e+00 -5.61424434e-01]
 [ 4.51500112e-02  2.97981288e-02  3.20966212e-01 -1.55387835e-01]
 [-1.40397016e-02  1.06809660e-01  8.22130045e-01 -2.91958442e-01]]
[MetaLearner] Retrained at session 50 (error_rate=0.40)
HMM state mapping: {1: 'volatile', 0: 'trending', 2: 'mean_reverting'}
Emission means:
[[ 4.44750812e-02  2.97656819e-02  3.18899293e-01 -1.57072342e-01]
 [ 2.66721197e-03  3.41862084e-01  3.01913670e+00 -5.61424434e-01]
 [-1.40394148e-02  1.06809417e-01  8.22128280e-01 -2.91958426e-01]]
[MetaLearner] Retrained at session 60 (error_rate=0.80)
HMM state mapping: {1: 'volatile', 0: 'trending', 2: 'mean_reverting'}
Emission means:
[[ 4.73655457e-02  2.98924084e-02  3.22050065e-01 -1.57503784e-01]
 [ 2.66721197e-03  3.41862084e-01  3.01913670e+00 -5.61424434e-01]
 [-1.73959939e-02  1.06521959e-01  8.18033097e-01 -2.87340262e-01]]
[MetaLearner] Retrained at session 70 (error_rate=0.33)
HMM state mapping: {1: 'volatile', 0: 'trending', 2: 'mean_reverting'}
Emission means:
[[ 1.36345829e-01  2.87459763e-02  3.87125020e-01 -8.20906788e-02]
 [-1.16240237e-02  9.87918396e-02  8.21240933e-01 -2.67524679e-01]
 [-7.13995090e-04  3.47010148e-02  3.04826893e-01 -1.81072477e-01]]
[RiskManager] Veto at session 24: high_volatility = 0.2972
[RiskManager] Veto at session 28: high_volatility = 0.3338
[RiskManager] Veto at session 33: high_volatility = 0.1511
[RiskManager] Veto at session 38: high_volatility = 0.1637
[RiskManager] Veto at session 43: high_volatility = 0.1654
[RiskManager] Veto at session 56: high_volatility = 0.1585
[RiskManager] Veto at session 64: high_volatility = 0.1550
[RiskManager] Veto at session 76: high_volatility = 0.2286
[RiskManager] Veto at session 81: high_volatility = 0.1629
[RiskManager] Veto at session 86: high_volatility = 0.1711
[RiskManager] Veto at session 90: high_volatility = 0.3543
[RiskManager] Veto at session 94: high_volatility = 0.3806
HMM state mapping: {1: 'volatile', 0: 'trending', 2: 'mean_reverting'}
Emission means:
[[ 0.14281572  0.03316127  0.45877407 -0.08648148]
 [ 0.0029953   0.10682707  0.86855904 -0.27675781]
 [ 0.03274825  0.0336204   0.33070756 -0.1577569 ]]
[RiskManager] Veto at session 24: high_volatility = 0.2972
[RiskManager] Veto at session 28: high_volatility = 0.3338
[RiskManager] Veto at session 33: high_volatility = 0.3680
HMM state mapping: {1: 'volatile', 2: 'trending', 0: 'mean_reverting'}
Emission means:
[[ 0.0081111   0.03342385  0.30669472 -0.18000019]
 [ 0.00299528  0.10682705  0.86855889 -0.27675786]
 [ 0.1406052   0.03128699  0.43767436 -0.0815329 ]]
[MetaLearner] Retrained at session 15 (error_rate=0.53)
[RiskManager] Veto at session 37: high_volatility = 0.3295
[RiskManager] Veto at session 43: high_volatility = 0.1578
HMM state mapping: {0: 'volatile', 2: 'trending', 1: 'mean_reverting'}
Emission means:
[[ 0.01339984  0.10858596  0.84034623 -0.31311557]
 [ 0.00821464  0.03342082  0.30673723 -0.17994119]
 [ 0.13590664  0.03057783  0.42184915 -0.08244062]]
[MetaLearner] Retrained at session 25 (error_rate=0.47)
[RiskManager] Veto at session 60: high_volatility = 0.1524
[RiskManager] Veto at session 64: high_volatility = 0.3253
[RiskManager] Veto at session 68: high_volatility = 0.3656
[RiskManager] Veto at session 76: high_volatility = 0.1615
[RiskManager] Veto at session 84: high_volatility = 0.1508
HMM state mapping: {1: 'volatile', 0: 'trending', 2: 'mean_reverting'}
Emission means:
[[ 0.06938722  0.03090405  0.35388993 -0.1155529 ]
 [-0.0050216   0.32292663  3.15738693 -0.52981663]
 [ 0.01552496  0.10937883  0.82069984 -0.31962165]]
[MetaLearner] Retrained at session 67 (error_rate=0.27)
[RiskManager] Veto at session 88: high_volatility = 0.3229
[RiskManager] Veto at session 92: high_volatility = 0.2640
[RiskManager] Veto at session 96: high_volatility = 0.3846
HMM state mapping: {1: 'volatile', 2: 'trending', 0: 'mean_reverting'}
Emission means:
[[ 0.00966157  0.11085235  0.85420765 -0.31108007]
 [-0.0050216   0.32292663  3.15738693 -0.52981663]
 [ 0.08211759  0.03018711  0.36214851 -0.09475939]]
[MetaLearner] Retrained at session 77 (error_rate=0.67)
HMM state mapping: {1: 'volatile', 0: 'trending', 2: 'mean_reverting'}
Emission means:
[[ 0.13203029  0.02958863  0.39594441 -0.16745636]
 [ 0.01224444  0.10119868  0.82839506 -0.26230176]
 [ 0.01252533  0.03440157  0.33035609 -0.12389877]]
[RiskManager] Veto at session 24: high_volatility = 0.2030
[RiskManager] Veto at session 31: high_volatility = 0.1544
HMM state mapping: {2: 'volatile', 1: 'trending', 0: 'mean_reverting'}
Emission means:
[[ 4.10391794e-02  9.57411128e-02  7.02528656e-01 -3.69031748e-01]
 [ 8.23326036e-02  3.16038367e-02  3.71760911e-01 -1.50685326e-01]
 [ 8.47483719e-04  1.03325714e-01  8.80523897e-01 -2.49077372e-01]]
[MetaLearner] Retrained at session 15 (error_rate=0.53)
HMM state mapping: {1: 'volatile', 0: 'trending', 2: 'mean_reverting'}
Emission means:
[[ 0.08233271  0.03160382  0.37176075 -0.15068485]
 [-0.09253096  0.24568961  3.4081137  -0.42681245]
 [ 0.0119596   0.10122796  0.83130963 -0.28223861]]
[MetaLearner] Retrained at session 25 (error_rate=0.40)
[RiskManager] Veto at session 46: high_volatility = 0.2457
[RiskManager] Veto at session 54: high_volatility = 0.4204
HMM state mapping: {1: 'volatile', 2: 'trending', 0: 'mean_reverting'}
Emission means:
[[-0.00448946  0.10154079  0.83005584 -0.27943495]
 [-0.09253096  0.24568961  3.4081137  -0.42681245]
 [ 0.07303738  0.03178198  0.36477044 -0.15632965]]
[MetaLearner] Retrained at session 35 (error_rate=0.87)
[RiskManager] Veto at session 58: high_volatility = 0.3724
[RiskManager] Veto at session 62: high_volatility = 0.4043
HMM state mapping: {1: 'volatile', 0: 'trending', 2: 'mean_reverting'}
Emission means:
[[ 7.24887174e-02  3.15992281e-02  3.63297430e-01 -1.53413297e-01]
 [ 1.85757359e-02  2.98868429e-01  3.05436655e+00 -4.80212085e-01]
 [ 1.53075215e-03  1.05177205e-01  8.35793799e-01 -2.84691526e-01]]
[MetaLearner] Retrained at session 45 (error_rate=0.80)
[RiskManager] Veto at session 66: high_volatility = 0.3520
[RiskManager] Veto at session 76: high_volatility = 0.2540
HMM state mapping: {1: 'volatile', 0: 'trending', 2: 'mean_reverting'}
Emission means:
[[ 0.08115052  0.03123669  0.37258106 -0.15777529]
 [ 0.01857574  0.29886843  3.05436655 -0.48021209]
 [ 0.01182974  0.10292578  0.82296161 -0.28241435]]
[MetaLearner] Retrained at session 56 (error_rate=0.40)
[RiskManager] Veto at session 80: high_volatility = 0.3631
[RiskManager] Veto at session 95: high_volatility = 0.3301
HMM state mapping: {1: 'volatile', 0: 'trending', 2: 'mean_reverting'}
Emission means:
[[ 0.06930859  0.03114394  0.36491454 -0.1598192 ]
 [ 0.01857574  0.29886843  3.05436655 -0.48021209]
 [ 0.00877646  0.10267395  0.83632363 -0.28898622]]
[MetaLearner] Retrained at session 78 (error_rate=0.40)
HMM state mapping: {1: 'volatile', 0: 'trending', 2: 'mean_reverting'}
Emission means:
[[ 0.14885328  0.03114988  0.43949273 -0.09919373]
 [ 0.03129587  0.10533006  0.8456524  -0.27810211]
 [ 0.00503065  0.03184132  0.29641364 -0.18325894]]
[RiskManager] Veto at session 22: high_volatility = 0.3053
[RiskManager] Veto at session 28: high_volatility = 0.1740
[RiskManager] Veto at session 32: high_volatility = 0.3436
[RiskManager] Veto at session 36: high_volatility = 0.3452
[RiskManager] Veto at session 40: high_volatility = 0.3422
[RiskManager] Veto at session 44: high_volatility = 0.1546
[RiskManager] Veto at session 51: high_volatility = 0.1519
[RiskManager] Veto at session 55: high_volatility = 0.3480
[RiskManager] Veto at session 59: high_volatility = 0.3355
[RiskManager] Veto at session 63: high_volatility = 0.1764
[RiskManager] Veto at session 67: high_volatility = 0.1546
[RiskManager] Veto at session 71: high_volatility = 0.1592
[RiskManager] Veto at session 75: high_volatility = 0.1913
[RiskManager] Veto at session 79: high_volatility = 0.1562
[RiskManager] Veto at session 83: high_volatility = 0.3957
[RiskManager] Veto at session 87: high_volatility = 0.3753
[RiskManager] Veto at session 93: high_volatility = 0.1674
[RiskManager] Veto at session 98: high_volatility = 0.1617
HMM state mapping: {0: 'volatile', 2: 'trending', 1: 'mean_reverting'}
Emission means:
[[ 0.01145931  0.09919915  0.80832749 -0.293107  ]
 [ 0.01176509  0.0327559   0.31735424 -0.13726229]
 [ 0.1423236   0.03259202  0.43316794 -0.1838452 ]]
[RiskManager] Veto at session 22: high_volatility = 0.3633
[RiskManager] Veto at session 34: high_volatility = 0.3443
[RiskManager] Veto at session 48: high_volatility = 0.1771
[RiskManager] Veto at session 61: high_volatility = 0.2893
[RiskManager] Veto at session 65: high_volatility = 0.3034
[RiskManager] Veto at session 69: high_volatility = 0.3291
[RiskManager] Veto at session 76: high_volatility = 0.2699
[RiskManager] Veto at session 81: high_volatility = 0.2613
[RiskManager] Veto at session 86: high_volatility = 0.1612
[RiskManager] Veto at session 90: high_volatility = 0.3657
[RiskManager] Veto at session 94: high_volatility = 0.3212
[RiskManager] Veto at session 98: high_volatility = 0.3466
HMM state mapping: {1: 'volatile', 2: 'trending', 0: 'mean_reverting'}
Emission means:
[[ 0.03882698  0.0308453   0.33596635 -0.19110413]
 [ 0.00331306  0.10332907  0.83099994 -0.28534038]
 [ 0.13186631  0.03313856  0.42684457 -0.08444184]]
[RiskManager] Veto at session 26: high_volatility = 0.1788
[RiskManager] Veto at session 30: high_volatility = 0.2971
[RiskManager] Veto at session 34: high_volatility = 0.3533
[RiskManager] Veto at session 38: high_volatility = 0.3008
[RiskManager] Veto at session 42: high_volatility = 0.3585
[RiskManager] Veto at session 46: high_volatility = 0.3181
[RiskManager] Veto at session 50: high_volatility = 0.3082
[RiskManager] Veto at session 58: high_volatility = 0.1744
[RiskManager] Veto at session 62: high_volatility = 0.1744
[RiskManager] Veto at session 66: high_volatility = 0.2888
[RiskManager] Veto at session 70: high_volatility = 0.3490
[RiskManager] Veto at session 74: high_volatility = 0.3070
[RiskManager] Veto at session 78: high_volatility = 0.3153
[RiskManager] Veto at session 82: high_volatility = 0.3412
[RiskManager] Veto at session 86: high_volatility = 0.3185
[RiskManager] Veto at session 93: high_volatility = 0.1627
[RiskManager] Veto at session 97: high_volatility = 0.3347
HMM state mapping: {1: 'volatile', 2: 'trending', 0: 'mean_reverting'}
Emission means:
[[ 0.02642081  0.03255806  0.31869581 -0.14174088]
 [ 0.01585327  0.09976016  0.79554336 -0.32120211]
 [ 0.14537504  0.03421502  0.42007598 -0.22785628]]
[RiskManager] Veto at session 22: high_volatility = 0.3438
[RiskManager] Veto at session 34: high_volatility = 0.2863
[RiskManager] Veto at session 42: high_volatility = 0.1895
[RiskManager] Veto at session 48: high_volatility = 0.1546
[RiskManager] Veto at session 53: high_volatility = 0.1565
[RiskManager] Veto at session 64: high_volatility = 0.1701
[RiskManager] Veto at session 68: high_volatility = 0.3632
[RiskManager] Veto at session 72: high_volatility = 0.3525
[RiskManager] Veto at session 76: high_volatility = 0.3232
HMM state mapping: {1: 'volatile', 0: 'trending', 2: 'mean_reverting'}
Emission means:
[[ 0.0681451   0.03199575  0.34876674 -0.1793716 ]
 [ 0.02863114  0.36186555  3.14394229 -0.59061538]
 [ 0.01216291  0.10173899  0.79533477 -0.29608027]]
[MetaLearner] Retrained at session 59 (error_rate=0.40)
[RiskManager] Veto at session 80: high_volatility = 0.3619
[RiskManager] Veto at session 99: high_volatility = 0.2981
HMM state mapping: {1: 'volatile', 0: 'trending', 2: 'mean_reverting'}
Emission means:
[[ 0.13844174  0.03021484  0.43304382 -0.21795054]
 [-0.01177431  0.10636199  0.84021694 -0.28641677]
 [ 0.02023015  0.0330607   0.32609696 -0.14199483]]
[RiskManager] Veto at session 23: high_volatility = 0.1543
[RiskManager] Veto at session 27: high_volatility = 0.1648
[RiskManager] Veto at session 31: high_volatility = 0.2810
[RiskManager] Veto at session 36: high_volatility = 0.3127
HMM state mapping: {0: 'volatile', 1: 'trending', 2: 'mean_reverting'}
Emission means:
[[-0.01462045  0.10699828  0.82929065 -0.28840891]
 [ 0.13507784  0.03027386  0.4051042  -0.16732911]
 [ 0.00375736  0.0341954   0.32746249 -0.15453349]]
[MetaLearner] Retrained at session 19 (error_rate=0.53)
[RiskManager] Veto at session 41: high_volatility = 0.2813
[RiskManager] Veto at session 45: high_volatility = 0.1560
[RiskManager] Veto at session 52: high_volatility = 0.1618
[RiskManager] Veto at session 56: high_volatility = 0.3978
[RiskManager] Veto at session 60: high_volatility = 0.2505
[RiskManager] Veto at session 64: high_volatility = 0.3373
[RiskManager] Veto at session 71: high_volatility = 0.1881
HMM state mapping: {2: 'volatile', 0: 'trending', 1: 'mean_reverting'}
Emission means:
[[ 0.08544153  0.03024015  0.35967183 -0.13067802]
 [ 0.00989643  0.1034737   0.78741821 -0.27386057]
 [-0.03897695  0.11700458  1.33330629 -0.42398421]]
[MetaLearner] Retrained at session 57 (error_rate=0.53)
[RiskManager] Veto at session 79: high_volatility = 0.1610
HMM state mapping: {2: 'volatile', 1: 'trending', 0: 'mean_reverting'}
Emission means:
[[ 0.00776962  0.10319228  0.77925093 -0.27248287]
 [ 0.07415116  0.02953768  0.34381865 -0.13373476]
 [-0.03897701  0.11700459  1.33330666 -0.42398432]]
[MetaLearner] Retrained at session 67 (error_rate=0.93)
[RiskManager] Veto at session 90: high_volatility = 0.3921
[RiskManager] Veto at session 94: high_volatility = 0.2912
HMM state mapping: {1: 'volatile', 0: 'trending', 2: 'mean_reverting'}
Emission means:
[[ 0.06884142  0.02927982  0.33658892 -0.13420811]
 [-0.04009901  0.35986261  2.73712871 -0.53027544]
 [ 0.00429718  0.10305816  0.85299335 -0.28784511]]
[MetaLearner] Retrained at session 77 (error_rate=0.80)
[RiskManager] Veto at session 98: high_volatility = 0.3599
HMM state mapping: {0: 'volatile', 2: 'trending', 1: 'mean_reverting'}
Emission means:
[[ 0.01836293  0.10016518  0.79431595 -0.31059502]
 [ 0.01076654  0.03011297  0.2913558  -0.16739365]
 [ 0.14507389  0.03101437  0.43362454 -0.15637636]]
[RiskManager] Veto at session 26: high_volatility = 0.1722
[RiskManager] Veto at session 42: high_volatility = 0.1937
[RiskManager] Veto at session 46: high_volatility = 0.3128
[RiskManager] Veto at session 50: high_volatility = 0.3602
[RiskManager] Veto at session 55: high_volatility = 0.1779
[RiskManager] Veto at session 59: high_volatility = 0.1635
[RiskManager] Veto at session 75: high_volatility = 0.1830
[RiskManager] Veto at session 81: high_volatility = 0.1925
[RiskManager] Veto at session 85: high_volatility = 0.2179
[RiskManager] Veto at session 89: high_volatility = 0.3955
[RiskManager] Veto at session 93: high_volatility = 0.3212
HMM state mapping: {1: 'volatile', 0: 'trending', 2: 'mean_reverting'}
Emission means:
[[ 0.02519574  0.03352868  0.32832903 -0.17557546]
 [ 0.05550086  0.35457022  2.94357611 -0.53838161]
 [-0.00641439  0.10891852  0.87685363 -0.30175748]]
[MetaLearner] Retrained at session 76 (error_rate=0.27)
[RiskManager] Veto at session 97: high_volatility = 0.3546
HMM state mapping: {0: 'volatile', 2: 'trending', 1: 'mean_reverting'}
Emission means:
[[-7.74590812e-04  1.07780922e-01  8.28979371e-01 -2.63665467e-01]
 [ 1.25022448e-04  3.32149790e-02  3.16861863e-01 -1.43173952e-01]
 [ 1.37145062e-01  3.19925842e-02  4.05208353e-01 -1.28911452e-01]]
[RiskManager] Veto at session 22: high_volatility = 0.3717
[RiskManager] Veto at session 26: high_volatility = 0.3856
[RiskManager] Veto at session 30: high_volatility = 0.2990
[RiskManager] Veto at session 45: high_volatility = 0.2989
[RiskManager] Veto at session 49: high_volatility = 0.3917
[RiskManager] Veto at session 58: high_volatility = 0.3464
[RiskManager] Veto at session 62: high_volatility = 0.3447
[RiskManager] Veto at session 66: high_volatility = 0.2974
[RiskManager] Veto at session 70: high_volatility = 0.2871
[RiskManager] Veto at session 83: high_volatility = 0.1557
HMM state mapping: {1: 'volatile', 0: 'trending', 2: 'mean_reverting'}
Emission means:
[[ 0.07328356  0.0309077   0.36191937 -0.17248023]
 [-0.02708434  0.10090406  0.77189038 -0.31869894]
 [ 0.06388749  0.0352699   0.37375604 -0.01235133]]
[RiskManager] Veto at session 26: high_volatility = 0.1788
[RiskManager] Veto at session 35: high_volatility = 0.1659
HMM state mapping: {0: 'volatile', 1: 'trending', 2: 'mean_reverting'}
Emission means:
[[-1.07213691e-02  1.02193847e-01  7.99451457e-01 -3.01428564e-01]
 [ 1.40297981e-01  3.18556234e-02  4.13313023e-01 -1.73363905e-01]
 [ 7.09624337e-04  2.96598674e-02  3.05226970e-01 -1.24206185e-01]]
[MetaLearner] Retrained at session 15 (error_rate=0.73)
[RiskManager] Veto at session 44: high_volatility = 0.1511
[RiskManager] Veto at session 49: high_volatility = 0.1786
[RiskManager] Veto at session 62: high_volatility = 0.1509
[RiskManager] Veto at session 68: high_volatility = 0.1598
[RiskManager] Veto at session 72: high_volatility = 0.3382
[RiskManager] Veto at session 76: high_volatility = 0.3516
[RiskManager] Veto at session 90: high_volatility = 0.1588
[RiskManager] Veto at session 97: high_volatility = 0.1609
HMM state mapping: {1: 'volatile', 2: 'trending', 0: 'mean_reverting'}
Emission means:
[[-0.00150696  0.03379185  0.30995589 -0.1897897 ]
 [ 0.00811459  0.09797805  0.81515521 -0.2595793 ]
 [ 0.14303742  0.03184768  0.41257526 -0.12915242]]
[RiskManager] Veto at session 26: high_volatility = 0.2188
[RiskManager] Veto at session 30: high_volatility = 0.2971
[RiskManager] Veto at session 34: high_volatility = 0.3345
HMM state mapping: {1: 'volatile', 2: 'trending', 0: 'mean_reverting'}
Emission means:
[[-8.71793160e-05  3.22650107e-02  3.05939570e-01 -1.64172669e-01]
 [ 1.35566650e-02  9.92784401e-02  8.20025957e-01 -2.60372776e-01]
 [ 1.40951099e-01  3.17753956e-02  4.09196110e-01 -1.40656748e-01]]
[MetaLearner] Retrained at session 15 (error_rate=0.40)
[RiskManager] Veto at session 38: high_volatility = 0.1526
[RiskManager] Veto at session 42: high_volatility = 0.3297
[RiskManager] Veto at session 46: high_volatility = 0.3524
[RiskManager] Veto at session 50: high_volatility = 0.3983
[RiskManager] Veto at session 54: high_volatility = 0.1741
[RiskManager] Veto at session 58: high_volatility = 0.1639
[RiskManager] Veto at session 71: high_volatility = 0.1580
[RiskManager] Veto at session 75: high_volatility = 0.3861
[RiskManager] Veto at session 79: high_volatility = 0.3085
[RiskManager] Veto at session 83: high_volatility = 0.1561
[RiskManager] Veto at session 90: high_volatility = 0.1768
[RiskManager] Veto at session 94: high_volatility = 0.1833
[RiskManager] Veto at session 98: high_volatility = 0.3038
HMM state mapping: {1: 'volatile', 0: 'trending', 2: 'mean_reverting'}
Emission means:
[[ 0.1159598   0.03185533  0.39181297 -0.10523522]
 [-0.0168058   0.10161114  0.84902719 -0.29919593]
 [ 0.00701386  0.03404501  0.31358603 -0.12275911]]
[RiskManager] Veto at session 22: high_volatility = 0.3521
[RiskManager] Veto at session 29: high_volatility = 0.1598
[RiskManager] Veto at session 34: high_volatility = 0.3578
[RiskManager] Veto at session 38: high_volatility = 0.3385
[RiskManager] Veto at session 47: high_volatility = 0.1552
[RiskManager] Veto at session 51: high_volatility = 0.3818
[RiskManager] Veto at session 55: high_volatility = 0.3146
HMM state mapping: {2: 'volatile', 1: 'trending', 0: 'mean_reverting'}
Emission means:
[[-0.02420654  0.1045803   0.85229266 -0.28959938]
 [ 0.04511713  0.03217633  0.33953628 -0.12006961]
 [-0.03041235  0.32618222  3.10242477 -0.52017591]]
[MetaLearner] Retrained at session 38 (error_rate=0.53)
[RiskManager] Veto at session 59: high_volatility = 0.3262
[RiskManager] Veto at session 63: high_volatility = 0.3620
[RiskManager] Veto at session 67: high_volatility = 0.3484
HMM state mapping: {2: 'volatile', 0: 'trending', 1: 'mean_reverting'}
Emission means:
[[ 0.03988608  0.0319126   0.33242338 -0.12987496]
 [-0.01901073  0.10406299  0.85553683 -0.30486865]
 [-0.03041235  0.32618222  3.10242477 -0.52017591]]
[MetaLearner] Retrained at session 48 (error_rate=0.73)
[RiskManager] Veto at session 78: high_volatility = 0.3042
HMM state mapping: {2: 'volatile', 0: 'trending', 1: 'mean_reverting'}
Emission means:
[[ 0.03637375  0.03194032  0.33434244 -0.1337409 ]
 [-0.0229438   0.10888812  0.87032864 -0.30441607]
 [-0.03041235  0.32618222  3.10242477 -0.52017591]]
[MetaLearner] Retrained at session 58 (error_rate=0.87)
[RiskManager] Veto at session 82: high_volatility = 0.3290
[RiskManager] Veto at session 86: high_volatility = 0.3322
HMM state mapping: {1: 'volatile', 0: 'trending', 2: 'mean_reverting'}
Emission means:
[[ 0.0425139   0.03274618  0.34257033 -0.1372815 ]
 [-0.03041235  0.32618222  3.10242477 -0.52017591]
 [-0.02480112  0.10504408  0.85075929 -0.29879718]]
[MetaLearner] Retrained at session 68 (error_rate=0.67)
HMM state mapping: {1: 'volatile', 0: 'trending', 2: 'mean_reverting'}
Emission means:
[[ 0.13518151  0.03179954  0.41777346 -0.21778861]
 [-0.03691249  0.10707525  0.89374441 -0.26068033]
 [ 0.02234132  0.03159031  0.32011241 -0.1134846 ]]
[RiskManager] Veto at session 22: high_volatility = 0.3252
[RiskManager] Veto at session 26: high_volatility = 0.3882
[RiskManager] Veto at session 30: high_volatility = 0.3015
[RiskManager] Veto at session 34: high_volatility = 0.3578
[RiskManager] Veto at session 40: high_volatility = 0.1856
[RiskManager] Veto at session 44: high_volatility = 0.1813
[RiskManager] Veto at session 48: high_volatility = 0.2981
[RiskManager] Veto at session 52: high_volatility = 0.3165
[RiskManager] Veto at session 56: high_volatility = 0.3224
[RiskManager] Veto at session 61: high_volatility = 0.1752
[RiskManager] Veto at session 65: high_volatility = 0.1741
[RiskManager] Veto at session 70: high_volatility = 0.3490
[RiskManager] Veto at session 75: high_volatility = 0.3320
HMM state mapping: {1: 'volatile', 0: 'trending', 2: 'mean_reverting'}
Emission means:
[[ 0.02039828  0.03189157  0.32447901 -0.12507055]
 [ 0.06718131  0.32067172  3.12636484 -0.52697303]
 [ 0.01964444  0.1089081   0.87505545 -0.27232766]]
[MetaLearner] Retrained at session 58 (error_rate=0.40)
[RiskManager] Veto at session 79: high_volatility = 0.3207
HMM state mapping: {1: 'volatile', 0: 'trending', 2: 'mean_reverting'}
Emission means:
[[ 0.03468105  0.03098656  0.33217691 -0.12865633]
 [ 0.06718131  0.32067172  3.12636484 -0.52697303]
 [ 0.01964444  0.1089081   0.87505545 -0.27232766]]
[MetaLearner] Retrained at session 68 (error_rate=0.53)
[RiskManager] Veto at session 91: high_volatility = 0.3031
[RiskManager] Veto at session 95: high_volatility = 0.3113
HMM state mapping: {2: 'volatile', 1: 'trending', 0: 'mean_reverting'}
Emission means:
[[ 0.02154202  0.10727156  0.87452099 -0.2693868 ]
 [ 0.04285477  0.03058664  0.33829921 -0.12412522]
 [ 0.05037811  0.33001602  2.95829688 -0.54749343]]
[MetaLearner] Retrained at session 78 (error_rate=0.80)
[RiskManager] Veto at session 99: high_volatility = 0.3394
HMM state mapping: {1: 'volatile', 0: 'trending', 2: 'mean_reverting'}
Emission means:
[[ 0.1397264   0.03191668  0.40997652 -0.18628507]
 [ 0.0062555   0.10956523  0.85686457 -0.32322865]
 [ 0.00532534  0.03381869  0.32750545 -0.17916847]]
[RiskManager] Veto at session 22: high_volatility = 0.3252
[RiskManager] Veto at session 26: high_volatility = 0.3882
[RiskManager] Veto at session 30: high_volatility = 0.3015
[RiskManager] Veto at session 35: high_volatility = 0.1561
[RiskManager] Veto at session 39: high_volatility = 0.1753
[RiskManager] Veto at session 51: high_volatility = 0.2068
[RiskManager] Veto at session 56: high_volatility = 0.1585
[RiskManager] Veto at session 64: high_volatility = 0.1660
[RiskManager] Veto at session 70: high_volatility = 0.2800
HMM state mapping: {1: 'volatile', 2: 'trending', 0: 'mean_reverting'}
Emission means:
[[ 0.02428525  0.02983121  0.30864721 -0.11816366]
 [ 0.0114803   0.10694713  0.84779909 -0.29905978]
 [ 0.13597144  0.03254627  0.41334968 -0.20715866]]
[MetaLearner] Retrained at session 51 (error_rate=0.53)
[RiskManager] Veto at session 82: high_volatility = 0.1602
[RiskManager] Veto at session 86: high_volatility = 0.1581
[RiskManager] Veto at session 90: high_volatility = 0.4032
[RiskManager] Veto at session 94: high_volatility = 0.3650
[RiskManager] Veto at session 98: high_volatility = 0.3674
HMM state mapping: {2: 'volatile', 1: 'trending', 0: 'mean_reverting'}
Emission means:
[[-0.01360815  0.09603148  0.69268905 -0.32985522]
 [ 0.03813004  0.03062834  0.31895971 -0.12171525]
 [ 0.01536551  0.10663435  0.8748087  -0.27035956]]
[MetaLearner] Retrained at session 78 (error_rate=0.53)
HMM state mapping: {1: 'volatile', 0: 'trending', 2: 'mean_reverting'}
Emission means:
[[ 0.1411701   0.03101925  0.43075742 -0.19825871]
 [ 0.00245316  0.10519062  0.79386594 -0.29787126]
 [ 0.00759541  0.03398217  0.31583391 -0.15525502]]
[RiskManager] Veto at session 24: high_volatility = 0.1609
[RiskManager] Veto at session 29: high_volatility = 0.1758
[RiskManager] Veto at session 34: high_volatility = 0.3275
[RiskManager] Veto at session 38: high_volatility = 0.3853
[RiskManager] Veto at session 42: high_volatility = 0.3171
[RiskManager] Veto at session 49: high_volatility = 0.1832
[RiskManager] Veto at session 53: high_volatility = 0.3682
[RiskManager] Veto at session 57: high_volatility = 0.3344
[RiskManager] Veto at session 61: high_volatility = 0.3501
[RiskManager] Veto at session 69: high_volatility = 0.1879
[RiskManager] Veto at session 74: high_volatility = 0.1692
[RiskManager] Veto at session 83: high_volatility = 0.1552
[RiskManager] Veto at session 89: high_volatility = 0.2947
[RiskManager] Veto at session 93: high_volatility = 0.2927
HMM state mapping: {0: 'volatile', 1: 'trending', 2: 'mean_reverting'}
Emission means:
[[-0.02486012  0.10228194  0.88367553 -0.27179983]
 [ 0.10157487  0.03053748  0.36080552 -0.0849323 ]
 [ 0.0240692   0.03253135  0.30939889 -0.24121919]]
[RiskManager] Veto at session 23: high_volatility = 0.3267
[RiskManager] Veto at session 28: high_volatility = 0.3154
[RiskManager] Veto at session 33: high_volatility = 0.1511
[RiskManager] Veto at session 38: high_volatility = 0.1637
HMM state mapping: {1: 'volatile', 2: 'trending', 0: 'mean_reverting'}
Emission means:
[[-0.00752022  0.10836015  0.89890499 -0.28163016]
 [ 0.0976559   0.18654251  3.35177288 -0.37545244]
 [ 0.06677972  0.0318056   0.34996344 -0.16261363]]
[MetaLearner] Retrained at session 25 (error_rate=0.40)
[RiskManager] Veto at session 46: high_volatility = 0.1865
[RiskManager] Veto at session 52: high_volatility = 0.3139
HMM state mapping: {1: 'volatile', 0: 'trending', 2: 'mean_reverting'}
Emission means:
[[ 0.07240095  0.03100811  0.35140086 -0.16928383]
 [ 0.0163752   0.23418317  3.0863342  -0.49030454]
 [-0.01425197  0.10661813  0.89342003 -0.27202039]]
[MetaLearner] Retrained at session 35 (error_rate=0.60)
[RiskManager] Veto at session 56: high_volatility = 0.2818
[RiskManager] Veto at session 60: high_volatility = 0.3277
HMM state mapping: {1: 'volatile', 0: 'trending', 2: 'mean_reverting'}
Emission means:
[[ 0.05849617  0.03098542  0.3409252  -0.15932127]
 [ 0.0163752   0.23418317  3.0863342  -0.49030454]
 [-0.00685853  0.10722821  0.90252383 -0.27598734]]
[MetaLearner] Retrained at session 45 (error_rate=0.87)
[RiskManager] Veto at session 70: high_volatility = 0.2267
HMM state mapping: {1: 'volatile', 2: 'trending', 0: 'mean_reverting'}
Emission means:
[[-1.93632820e-03  1.12220135e-01  9.48213867e-01 -2.91224312e-01]
 [ 1.63752535e-02  2.34182506e-01  3.08631782e+00 -4.90304241e-01]
 [ 4.60233795e-02  3.09779367e-02  3.37023859e-01 -1.68096683e-01]]
[MetaLearner] Retrained at session 55 (error_rate=0.93)
[RiskManager] Veto at session 76: high_volatility = 0.1716
[RiskManager] Veto at session 80: high_volatility = 0.3553
[RiskManager] Veto at session 84: high_volatility = 0.3596
HMM state mapping: {1: 'volatile', 0: 'trending', 2: 'mean_reverting'}
Emission means:
[[ 0.04839533  0.03042729  0.34623735 -0.17713738]
 [ 0.01803594  0.2132397   2.56776209 -0.48092392]
 [-0.01065021  0.10953479  0.87904143 -0.29392434]]
[MetaLearner] Retrained at session 65 (error_rate=0.80)
[RiskManager] Veto at session 88: high_volatility = 0.3699
HMM state mapping: {0: 'volatile', 2: 'trending', 1: 'mean_reverting'}
Emission means:
[[ 0.01801738  0.21327348  2.56831692 -0.48095582]
 [-0.01049629  0.10940245  0.86876893 -0.30129473]
 [ 0.04316429  0.03069293  0.34673468 -0.14696094]]
[MetaLearner] Retrained at session 75 (error_rate=0.93)
HMM state mapping: {1: 'volatile', 2: 'trending', 0: 'mean_reverting'}
Emission means:
[[ 0.00736831  0.0324425   0.32427492 -0.16062306]
 [-0.00647151  0.11195357  0.83715367 -0.2804582 ]
 [ 0.13876309  0.03217222  0.43002078 -0.18377605]]
[RiskManager] Veto at session 32: high_volatility = 0.1544
HMM state mapping: {1: 'volatile', 2: 'trending', 0: 'mean_reverting'}
Emission means:
[[ 0.00818428  0.03239636  0.32423142 -0.15955401]
 [-0.00645747  0.11194637  0.83710963 -0.28045004]
 [ 0.12582763  0.03525531  0.42685322 -0.17942204]]
[MetaLearner] Retrained at session 15 (error_rate=0.40)
[RiskManager] Veto at session 44: high_volatility = 0.1867
[RiskManager] Veto at session 48: high_volatility = 0.2921
[RiskManager] Veto at session 52: high_volatility = 0.2928
[RiskManager] Veto at session 56: high_volatility = 0.3314
[RiskManager] Veto at session 60: high_volatility = 0.3114
[RiskManager] Veto at session 66: high_volatility = 0.1550
[RiskManager] Veto at session 70: high_volatility = 0.1581
[RiskManager] Veto at session 75: high_volatility = 0.3378
[RiskManager] Veto at session 79: high_volatility = 0.3330
[RiskManager] Veto at session 91: high_volatility = 0.2987
[RiskManager] Veto at session 95: high_volatility = 0.3077
HMM state mapping: {1: 'volatile', 2: 'trending', 0: 'mean_reverting'}
Emission means:
[[ 0.02722805  0.03316369  0.31857818 -0.23391049]
 [-0.00205216  0.10188661  0.83777791 -0.2528701 ]
 [ 0.14306756  0.0303085   0.39330093 -0.07824586]]
[RiskManager] Veto at session 28: high_volatility = 0.2922
[RiskManager] Veto at session 38: high_volatility = 0.2994
[RiskManager] Veto at session 42: high_volatility = 0.3251
HMM state mapping: {1: 'volatile', 0: 'trending', 2: 'mean_reverting'}
Emission means:
[[ 0.0694793   0.03026043  0.34165771 -0.15431613]
 [ 0.11989442  0.12024804  1.87433672 -0.4048619 ]
 [-0.0071201   0.10185502  0.83157942 -0.2696987 ]]
[MetaLearner] Retrained at session 35 (error_rate=0.40)
[RiskManager] Veto at session 59: high_volatility = 0.3199
[RiskManager] Veto at session 63: high_volatility = 0.3485
HMM state mapping: {2: 'volatile', 0: 'trending', 1: 'mean_reverting'}
Emission means:
[[ 0.07363903  0.02999866  0.34526596 -0.14614224]
 [-0.00712594  0.10271458  0.84401746 -0.26046861]
 [ 0.11989442  0.12024804  1.87433672 -0.4048619 ]]
[MetaLearner] Retrained at session 45 (error_rate=0.80)
[RiskManager] Veto at session 67: high_volatility = 0.2657
HMM state mapping: {2: 'volatile', 1: 'trending', 0: 'mean_reverting'}
Emission means:
[[-0.00609206  0.10371955  0.83488806 -0.2629705 ]
 [ 0.0641225   0.02967189  0.34022598 -0.13720818]
 [ 0.11989442  0.12024804  1.87433672 -0.4048619 ]]
[MetaLearner] Retrained at session 55 (error_rate=0.87)
[RiskManager] Veto at session 80: high_volatility = 0.3432
[RiskManager] Veto at session 84: high_volatility = 0.3583
HMM state mapping: {2: 'volatile', 1: 'trending', 0: 'mean_reverting'}
Emission means:
[[-0.00672292  0.10530485  0.83176622 -0.27242558]
 [ 0.05957708  0.02970294  0.33777386 -0.12947325]
 [ 0.11989442  0.12024804  1.87433672 -0.4048619 ]]
[MetaLearner] Retrained at session 65 (error_rate=0.87)
HMM state mapping: {1: 'volatile', 0: 'trending', 2: 'mean_reverting'}
Emission means:
[[ 0.05704132  0.02959623  0.33968421 -0.12413645]
 [ 0.11989442  0.12024804  1.87433672 -0.4048619 ]
 [-0.00672292  0.10530485  0.83176622 -0.27242558]]
[MetaLearner] Retrained at session 75 (error_rate=0.93)
HMM state mapping: {0: 'volatile', 1: 'trending', 2: 'mean_reverting'}
Emission means:
[[-0.02645347  0.11452391  0.94558383 -0.35752144]
 [ 0.09125676  0.03412096  0.40405777 -0.15107134]
 [ 0.00326881  0.06900369  0.53822229 -0.2624382 ]]
[RiskManager] Veto at session 22: high_volatility = 0.3521
[RiskManager] Veto at session 29: high_volatility = 0.1853
[RiskManager] Veto at session 47: high_volatility = 0.2984
[RiskManager] Veto at session 59: high_volatility = 0.2905
[RiskManager] Veto at session 63: high_volatility = 0.2776
HMM state mapping: {1: 'volatile', 0: 'trending', 2: 'mean_reverting'}
Emission means:
[[ 1.31882728e-01  3.21243773e-02  4.29578973e-01 -1.68601022e-01]
 [-1.54754243e-03  1.05954528e-01  7.97513874e-01 -3.20738408e-01]
 [ 7.45947415e-04  3.11262457e-02  3.02947591e-01 -1.47680535e-01]]
[MetaLearner] Retrained at session 43 (error_rate=0.67)
[RiskManager] Veto at session 67: high_volatility = 0.1620
[RiskManager] Veto at session 83: high_volatility = 0.1639
HMM state mapping: {1: 'volatile', 2: 'trending', 0: 'mean_reverting'}
Emission means:
[[ 1.07726558e-03  1.06211130e-01  7.87806205e-01 -3.03319281e-01]
 [ 3.36921686e-03  3.52275997e-01  2.84501602e+00 -6.04476366e-01]
 [ 7.59289322e-02  3.06504293e-02  3.66003751e-01 -1.47431885e-01]]
[MetaLearner] Retrained at session 66 (error_rate=0.67)
[RiskManager] Veto at session 87: high_volatility = 0.3523
[RiskManager] Veto at session 94: high_volatility = 0.2776
HMM state mapping: {1: 'volatile', 0: 'trending', 2: 'mean_reverting'}
Emission means:
[[ 0.06496156  0.03043807  0.34626381 -0.14758745]
 [ 0.00336922  0.352276    2.84501602 -0.60447637]
 [ 0.00500376  0.10484665  0.79741988 -0.30708767]]
[MetaLearner] Retrained at session 76 (error_rate=0.73)
[RiskManager] Veto at session 98: high_volatility = 0.3149
HMM state mapping: {1: 'volatile', 2: 'trending', 0: 'mean_reverting'}
Emission means:
[[ 0.00777446  0.03273282  0.30191806 -0.2122097 ]
 [ 0.0136921   0.10668796  0.841572   -0.26129045]
 [ 0.13711262  0.03126619  0.42223434 -0.14700135]]
[RiskManager] Veto at session 23: high_volatility = 0.1668
[RiskManager] Veto at session 27: high_volatility = 0.2638
[RiskManager] Veto at session 40: high_volatility = 0.1655
[RiskManager] Veto at session 47: high_volatility = 0.1576
[RiskManager] Veto at session 52: high_volatility = 0.1681
[RiskManager] Veto at session 63: high_volatility = 0.2992
[RiskManager] Veto at session 67: high_volatility = 0.2386
[RiskManager] Veto at session 71: high_volatility = 0.3328
HMM state mapping: {2: 'volatile', 0: 'trending', 1: 'mean_reverting'}
Emission means:
[[ 0.06415464  0.03048343  0.33974146 -0.15839655]
 [ 0.01987923  0.10814801  0.83408981 -0.27331183]
 [ 0.12467562  0.11596924  1.3845446  -0.43111465]]
[MetaLearner] Retrained at session 55 (error_rate=0.53)
[RiskManager] Veto at session 77: high_volatility = 0.1704
HMM state mapping: {2: 'volatile', 0: 'trending', 1: 'mean_reverting'}
Emission means:
[[ 0.06478126  0.03063413  0.3452322  -0.15192836]
 [ 0.01679259  0.10799845  0.8234368  -0.27586713]
 [ 0.12467554  0.11596925  1.38454433 -0.43111462]]
[MetaLearner] Retrained at session 65 (error_rate=0.60)
HMM state mapping: {0: 'volatile', 1: 'trending', 2: 'mean_reverting'}
Emission means:
[[ 0.12467559  0.11596925  1.38454453 -0.43111466]
 [ 0.06732483  0.03050761  0.34892673 -0.14710174]
 [ 0.01481663  0.10979703  0.84046932 -0.27528026]]
[MetaLearner] Retrained at session 75 (error_rate=0.67)
HMM state mapping: {0: 'volatile', 1: 'trending', 2: 'mean_reverting'}
Emission means:
[[0. 0. 0. 0.]
 [0. 0. 0. 0.]
 [0. 0. 0. 0.]]
[RiskManager] Veto at session 21: low_confidence = 0.3333
HMM state mapping: {0: 'volatile', 1: 'trending', 2: 'mean_reverting'}
Emission means:
[[0. 0. 0. 0.]
 [0. 0. 0. 0.]
 [0. 0. 0. 0.]]
[MetaLearner] Retrained at session 15 (error_rate=1.00)
HMM state mapping: {1: 'volatile', 2: 'trending', 0: 'mean_reverting'}
Emission means:
[[-2.84308450e-77  2.40487118e-77  2.66597432e-76  8.81055122e-78]
 [ 1.46368777e-01  3.05338508e-02  4.16056488e-01 -9.32845500e-02]
 [-3.33726707e-02  2.82288402e-02  3.12937192e-01  1.03419938e-02]]
[MetaLearner] Retrained at session 25 (error_rate=1.00)
HMM state mapping: {1: 'volatile', 2: 'trending', 0: 'mean_reverting'}
Emission means:
[[-2.36182908e-72  1.99779313e-72  2.21469874e-71  7.31916903e-73]
 [ 1.31110863e-01  1.06718041e-01  2.90726032e+00 -4.61670320e-01]
 [ 1.03079413e-01  2.93081685e-02  3.72279082e-01 -6.05541917e-02]]
[MetaLearner] Retrained at session 35 (error_rate=0.67)
HMM state mapping: {1: 'volatile', 2: 'trending', 0: 'mean_reverting'}
Emission means:
[[-4.74162739e-70  4.01078584e-70  4.44624733e-69  1.46940237e-70]
 [ 1.31110863e-01  1.06718041e-01  2.90726032e+00 -4.61670320e-01]
 [ 8.31351923e-02  3.67142342e-02  4.11914598e-01 -8.11116464e-02]]
[MetaLearner] Retrained at session 45 (error_rate=0.53)
HMM state mapping: {1: 'volatile', 2: 'trending', 0: 'mean_reverting'}
Emission means:
[[-1.44372123e-67  1.22119606e-67  1.35378450e-66  4.47400697e-68]
 [ 1.31110863e-01  1.06718041e-01  2.90726032e+00 -4.61670320e-01]
 [ 7.85363517e-02  4.23366436e-02  4.41249460e-01 -1.26767479e-01]]
[MetaLearner] Retrained at session 62 (error_rate=0.53)
HMM state mapping: {1: 'volatile', 2: 'trending', 0: 'mean_reverting'}
Emission means:
[[-2.35788984e-65  1.99446105e-65  2.21100490e-64  7.30696156e-66]
 [ 1.31110863e-01  1.06718041e-01  2.90726032e+00 -4.61670320e-01]
 [ 8.49032766e-02  4.00090726e-02  4.32063278e-01 -1.25037017e-01]]
[MetaLearner] Retrained at session 72 (error_rate=0.53)
HMM state mapping: {0: 'volatile', 1: 'trending', 2: 'mean_reverting'}
Emission means:
[[-0.01701739  0.10630515  0.86829355 -0.23305963]
 [ 0.14568033  0.03252509  0.42422793 -0.20410477]
 [-0.00568777  0.03164823  0.31374855 -0.17637314]]
[RiskManager] Veto at session 22: high_volatility = 0.3124
[RiskManager] Veto at session 38: high_volatility = 0.1510
[RiskManager] Veto at session 42: high_volatility = 0.2880
[RiskManager] Veto at session 46: high_volatility = 0.3470
[RiskManager] Veto at session 50: high_volatility = 0.1558
[RiskManager] Veto at session 54: high_volatility = 0.1715
[RiskManager] Veto at session 62: high_volatility = 0.1800
[RiskManager] Veto at session 71: high_volatility = 0.1627
HMM state mapping: {1: 'volatile', 0: 'trending', 2: 'mean_reverting'}
Emission means:
[[ 0.0712922   0.03156153  0.35090955 -0.19069484]
 [-0.0221476   0.309164    2.81400116 -0.50614413]
 [-0.00788043  0.10528337  0.8381953  -0.2797275 ]]
[MetaLearner] Retrained at session 54 (error_rate=0.40)
[RiskManager] Veto at session 75: high_volatility = 0.3092
HMM state mapping: {2: 'volatile', 1: 'trending', 0: 'mean_reverting'}
Emission means:
[[-0.00832205  0.10393726  0.83956819 -0.28462697]
 [ 0.07089091  0.03040157  0.34031912 -0.17703272]
 [-0.0221476   0.309164    2.81400116 -0.50614413]]
[MetaLearner] Retrained at session 64 (error_rate=0.73)
[RiskManager] Veto at session 92: high_volatility = 0.2974
HMM state mapping: {1: 'volatile', 0: 'trending', 2: 'mean_reverting'}
Emission means:
[[ 0.07173271  0.02987785  0.33430631 -0.17252655]
 [-0.0221476   0.309164    2.81400116 -0.50614413]
 [-0.00590072  0.09971718  0.80062067 -0.2974327 ]]
[MetaLearner] Retrained at session 74 (error_rate=0.53)
[RiskManager] Veto at session 96: high_volatility = 0.3302
HMM state mapping: {0: 'volatile', 1: 'trending', 2: 'mean_reverting'}
Emission means:
[[-0.02294464  0.10633675  0.87381812 -0.24515335]
 [ 0.14720753  0.0305979   0.4236062  -0.1355635 ]
 [ 0.00410623  0.03354591  0.30285866 -0.17752848]]
[RiskManager] Veto at session 23: high_volatility = 0.3267
[RiskManager] Veto at session 27: high_volatility = 0.3907
[RiskManager] Veto at session 31: high_volatility = 0.3421
[RiskManager] Veto at session 50: high_volatility = 0.1889
[RiskManager] Veto at session 63: high_volatility = 0.2276
[RiskManager] Veto at session 67: high_volatility = 0.2717
[RiskManager] Veto at session 71: high_volatility = 0.3125
[RiskManager] Veto at session 80: high_volatility = 0.1878
[RiskManager] Veto at session 85: high_volatility = 0.1622
[RiskManager] Veto at session 97: high_volatility = 0.1708
HMM state mapping: {1: 'volatile', 2: 'trending', 0: 'mean_reverting'}
Emission means:
[[ 0.00731619  0.03108434  0.30068417 -0.20020293]
 [ 0.00178989  0.10398908  0.83536481 -0.27880417]
 [ 0.11372622  0.03164243  0.38751826 -0.13810623]]
[RiskManager] Veto at session 22: high_volatility = 0.3628
[RiskManager] Veto at session 28: high_volatility = 0.1740
[RiskManager] Veto at session 33: high_volatility = 0.3047
[RiskManager] Veto at session 37: high_volatility = 0.3139
[RiskManager] Veto at session 41: high_volatility = 0.3175
[RiskManager] Veto at session 46: high_volatility = 0.1785
[RiskManager] Veto at session 52: high_volatility = 0.1515
[RiskManager] Veto at session 59: high_volatility = 0.1555
[RiskManager] Veto at session 69: high_volatility = 0.1879
[RiskManager] Veto at session 77: high_volatility = 0.1559
[RiskManager] Veto at session 85: high_volatility = 0.2917
[RiskManager] Veto at session 89: high_volatility = 0.2960
[RiskManager] Veto at session 93: high_volatility = 0.3313
[RiskManager] Veto at session 97: high_volatility = 0.1629
HMM state mapping: {0: 'volatile', 1: 'trending', 2: 'mean_reverting'}
Emission means:
[[ 2.81877473e-03  1.01938201e-01  8.58909741e-01 -2.91085997e-01]
 [ 1.47178054e-01  3.28737045e-02  4.06456379e-01 -1.28204841e-01]
 [ 1.54968946e-04  2.95582524e-02  2.86099394e-01 -1.60654081e-01]]
[RiskManager] Veto at session 23: high_volatility = 0.2925
[RiskManager] Veto at session 27: high_volatility = 0.3907
[RiskManager] Veto at session 32: high_volatility = 0.1572
HMM state mapping: {2: 'volatile', 1: 'trending', 0: 'mean_reverting'}
Emission means:
[[-1.29552486e-03  1.07610177e-01  8.78800920e-01 -2.98598771e-01]
 [ 6.04636779e-02  3.15747365e-02  3.39427653e-01 -1.57233151e-01]
 [ 1.35227766e-01  1.30318456e-01  1.44632760e+00 -4.65586660e-01]]
[MetaLearner] Retrained at session 19 (error_rate=0.27)
[RiskManager] Veto at session 41: high_volatility = 0.1726
HMM state mapping: {2: 'volatile', 0: 'trending', 1: 'mean_reverting'}
Emission means:
[[ 0.07104238  0.03217939  0.35683492 -0.154019  ]
 [ 0.0030646   0.08198401  2.87910965 -0.00950965]
 [ 0.00846344  0.10922224  0.91926845 -0.31052002]]
[MetaLearner] Retrained at session 29 (error_rate=0.47)
[RiskManager] Veto at session 51: high_volatility = 0.1578
HMM state mapping: {2: 'volatile', 0: 'trending', 1: 'mean_reverting'}
Emission means:
[[ 0.06615936  0.03140357  0.34592699 -0.15315045]
 [ 0.0030646   0.08198401  2.87910965 -0.00950965]
 [ 0.00846524  0.10922159  0.91926494 -0.31051836]]
[MetaLearner] Retrained at session 39 (error_rate=0.60)
HMM state mapping: {1: 'volatile', 0: 'trending', 2: 'mean_reverting'}
Emission means:
[[ 0.06615935  0.03140355  0.34592672 -0.15315006]
 [-0.01803888  0.18477291  2.92559322 -0.29348468]
 [ 0.00846563  0.10922113  0.91926171 -0.310518  ]]
[MetaLearner] Retrained at session 49 (error_rate=0.40)
[RiskManager] Veto at session 70: high_volatility = 0.2876
[RiskManager] Veto at session 76: high_volatility = 0.1612
HMM state mapping: {1: 'volatile', 0: 'trending', 2: 'mean_reverting'}
Emission means:
[[ 0.05293181  0.03098411  0.33759824 -0.15497517]
 [-0.01803888  0.18477291  2.92559322 -0.29348468]
 [ 0.01662148  0.11198564  0.94376321 -0.30565994]]
[MetaLearner] Retrained at session 59 (error_rate=0.60)
HMM state mapping: {1: 'volatile', 0: 'trending', 2: 'mean_reverting'}
Emission means:
[[ 0.05160835  0.03084793  0.3368744  -0.15300793]
 [-0.01803888  0.18477291  2.92559322 -0.29348468]
 [ 0.0131231   0.11444971  0.9495965  -0.31702235]]
[MetaLearner] Retrained at session 69 (error_rate=0.73)
[RiskManager] Veto at session 95: high_volatility = 0.3870
[RiskManager] Veto at session 99: high_volatility = 0.3711
HMM state mapping: {1: 'volatile', 2: 'trending', 0: 'mean_reverting'}
Emission means:
[[ 0.01008508  0.11218551  0.93475859 -0.29324872]
 [-0.01803888  0.18477291  2.92559322 -0.29348468]
 [ 0.06322313  0.03118539  0.34532904 -0.14944093]]
[MetaLearner] Retrained at session 79 (error_rate=0.87)
HMM state mapping: {0: 'volatile', 1: 'trending', 2: 'mean_reverting'}
Emission means:
[[ 0.0019814   0.10035752  0.76629114 -0.28861975]
 [ 0.14296031  0.03092405  0.43875779 -0.18980631]
 [-0.00292261  0.03421451  0.31726767 -0.12637181]]
[RiskManager] Veto at session 23: high_volatility = 0.1538
[RiskManager] Veto at session 27: high_volatility = 0.1538
[RiskManager] Veto at session 39: high_volatility = 0.1522
[RiskManager] Veto at session 45: high_volatility = 0.1581
[RiskManager] Veto at session 53: high_volatility = 0.1656
[RiskManager] Veto at session 61: high_volatility = 0.1550
[RiskManager] Veto at session 66: high_volatility = 0.1588
[RiskManager] Veto at session 70: high_volatility = 0.2966
[RiskManager] Veto at session 74: high_volatility = 0.3121
[RiskManager] Veto at session 78: high_volatility = 0.2619
[RiskManager] Veto at session 86: high_volatility = 0.3318
[RiskManager] Veto at session 95: high_volatility = 0.1652
HMM state mapping: {1: 'volatile', 2: 'trending', 0: 'mean_reverting'}
Emission means:
[[ 0.06791346  0.03260043  0.35969708 -0.21388556]
 [ 0.00401646  0.10690482  0.85791817 -0.24688477]
 [ 0.08903685  0.03103593  0.36803749 -0.03099777]]
[RiskManager] Veto at session 26: high_volatility = 0.1722
[RiskManager] Veto at session 31: high_volatility = 0.1561
[RiskManager] Veto at session 37: high_volatility = 0.1702
HMM state mapping: {2: 'volatile', 0: 'trending', 1: 'mean_reverting'}
Emission means:
[[ 6.08510757e-02  3.18478978e-02  3.53475662e-01 -1.30928350e-01]
 [-3.22018624e-02  9.10768275e-02  3.87071193e+00  9.38288277e-02]
 [ 3.01972756e-03  1.12113742e-01  8.72767379e-01 -2.97177505e-01]]
[MetaLearner] Retrained at session 21 (error_rate=0.27)
[RiskManager] Veto at session 44: high_volatility = 0.1807
HMM state mapping: {0: 'volatile', 1: 'trending', 2: 'mean_reverting'}
Emission means:
[[ 3.02149878e-03  1.12112676e-01  8.72761691e-01 -2.97177634e-01]
 [ 7.62032210e-02  3.10029184e-02  3.61889019e-01 -1.25018923e-01]
 [-3.22018624e-02  9.10768275e-02  3.87071193e+00  9.38288277e-02]]
[MetaLearner] Retrained at session 31 (error_rate=0.33)
HMM state mapping: {0: 'volatile', 1: 'trending', 2: 'mean_reverting'}
Emission means:
[[ 3.02706478e-03  1.12109937e-01  8.72748575e-01 -2.97177275e-01]
 [ 7.25863197e-02  3.09936023e-02  3.58089939e-01 -1.26330453e-01]
 [-3.22018624e-02  9.10768275e-02  3.87071193e+00  9.38288277e-02]]
[MetaLearner] Retrained at session 41 (error_rate=0.67)
HMM state mapping: {2: 'volatile', 0: 'trending', 1: 'mean_reverting'}
Emission means:
[[ 7.41771149e-02  3.06503009e-02  3.59155030e-01 -1.19454296e-01]
 [-3.22018624e-02  9.10768275e-02  3.87071193e+00  9.38288277e-02]
 [ 3.03165747e-03  1.12107670e-01  8.72737701e-01 -2.97176986e-01]]
[MetaLearner] Retrained at session 51 (error_rate=0.40)
HMM state mapping: {2: 'volatile', 0: 'trending', 1: 'mean_reverting'}
Emission means:
[[ 7.07751157e-02  3.04838909e-02  3.56652390e-01 -1.22236529e-01]
 [-3.22018624e-02  9.10768275e-02  3.87071193e+00  9.38288277e-02]
 [ 3.03872322e-03  1.12104198e-01  8.72721091e-01 -2.97176523e-01]]
[MetaLearner] Retrained at session 61 (error_rate=0.47)
HMM state mapping: {2: 'volatile', 0: 'trending', 1: 'mean_reverting'}
Emission means:
[[ 7.29001186e-02  3.03396626e-02  3.56146601e-01 -1.20332646e-01]
 [-3.22018624e-02  9.10768275e-02  3.87071193e+00  9.38288277e-02]
 [ 3.04711093e-03  1.12100075e-01  8.72701367e-01 -2.97175974e-01]]
[MetaLearner] Retrained at session 71 (error_rate=0.33)
HMM state mapping: {0: 'volatile', 2: 'trending', 1: 'mean_reverting'}
Emission means:
[[ 0.01054868  0.1033631   0.86118014 -0.32806493]
 [ 0.02518675  0.03241053  0.32093677 -0.12111478]
 [ 0.14150408  0.03127208  0.38697694 -0.20448515]]
[RiskManager] Veto at session 22: high_volatility = 0.3124
[RiskManager] Veto at session 35: high_volatility = 0.2575
HMM state mapping: {0: 'volatile', 2: 'trending', 1: 'mean_reverting'}
Emission means:
[[ 0.01054868  0.1033631   0.86118014 -0.32806493]
 [ 0.08008807  0.0300761   0.34844107 -0.10852557]
 [ 0.10611791  0.03310668  0.36574563 -0.30108208]]
[MetaLearner] Retrained at session 15 (error_rate=0.33)
HMM state mapping: {1: 'volatile', 0: 'trending', 2: 'mean_reverting'}
Emission means:
[[ 0.08539245  0.03069359  0.35196719 -0.14776167]
 [-0.01173516  0.16689355  1.46789168 -0.47554474]
 [ 0.01077209  0.09985954  0.81307193 -0.33187138]]
[MetaLearner] Retrained at session 26 (error_rate=0.27)
[RiskManager] Veto at session 47: high_volatility = 0.1669
HMM state mapping: {1: 'volatile', 0: 'trending', 2: 'mean_reverting'}
Emission means:
[[ 0.0701128   0.03074826  0.34276439 -0.15097797]
 [-0.0117337   0.16689493  1.46790239 -0.4755469 ]
 [ 0.01077199  0.09985975  0.81307403 -0.3318716 ]]
[MetaLearner] Retrained at session 36 (error_rate=0.73)
[RiskManager] Veto at session 64: high_volatility = 0.3046
HMM state mapping: {1: 'volatile', 0: 'trending', 2: 'mean_reverting'}
Emission means:
[[ 0.07829723  0.03050712  0.34916806 -0.14331752]
 [-0.0117337   0.16689493  1.46790239 -0.4755469 ]
 [ 0.01077187  0.09985978  0.8130742  -0.33187166]]
[MetaLearner] Retrained at session 46 (error_rate=0.53)
[RiskManager] Veto at session 74: high_volatility = 0.2810
HMM state mapping: {2: 'volatile', 0: 'trending', 1: 'mean_reverting'}
Emission means:
[[ 0.07829734  0.0305071   0.34916806 -0.1433174 ]
 [ 0.01591055  0.09488056  0.77288444 -0.29502728]
 [-0.0117337   0.16689493  1.46790239 -0.4755469 ]]
[MetaLearner] Retrained at session 56 (error_rate=0.40)
[RiskManager] Veto at session 78: high_volatility = 0.3900
[RiskManager] Veto at session 82: high_volatility = 0.3709
HMM state mapping: {1: 'volatile', 0: 'trending', 2: 'mean_reverting'}
Emission means:
[[ 0.07608426  0.03076163  0.34732367 -0.15103169]
 [-0.0117337   0.16689493  1.46790239 -0.4755469 ]
 [ 0.020145    0.0914853   0.73323957 -0.27309142]]
[MetaLearner] Retrained at session 66 (error_rate=0.80)
HMM state mapping: {1: 'volatile', 0: 'trending', 2: 'mean_reverting'}
Emission means:
[[ 0.07568133  0.03053654  0.34536071 -0.14559623]
 [-0.0117337   0.16689493  1.46790239 -0.4755469 ]
 [ 0.020145    0.0914853   0.73323957 -0.27309142]]
[MetaLearner] Retrained at session 76 (error_rate=0.87)
HMM state mapping: {1: 'volatile', 0: 'trending', 2: 'mean_reverting'}
Emission means:
[[ 0.1430087   0.03346243  0.44965953 -0.15561486]
 [-0.00756216  0.11189501  0.9044519  -0.30009694]
 [ 0.00668151  0.03244378  0.31485909 -0.13657796]]
[RiskManager] Veto at session 22: high_volatility = 0.3521
[RiskManager] Veto at session 28: high_volatility = 0.1606
[RiskManager] Veto at session 40: high_volatility = 0.3273
[RiskManager] Veto at session 44: high_volatility = 0.2984
[RiskManager] Veto at session 52: high_volatility = 0.1540
[RiskManager] Veto at session 63: high_volatility = 0.1797
HMM state mapping: {0: 'volatile', 2: 'trending', 1: 'mean_reverting'}
Emission means:
[[-0.00477082  0.1098325   0.86489269 -0.32051319]
 [ 0.00311682  0.03188544  0.30408718 -0.12830854]
 [ 0.14139304  0.03180208  0.43339433 -0.12098569]]
[MetaLearner] Retrained at session 56 (error_rate=0.67)
[RiskManager] Veto at session 78: high_volatility = 0.1871
[RiskManager] Veto at session 82: high_volatility = 0.3162
[RiskManager] Veto at session 89: high_volatility = 0.1656
[RiskManager] Veto at session 97: high_volatility = 0.1703
HMM state mapping: {0: 'volatile', 2: 'trending', 1: 'mean_reverting'}
Emission means:
[[-7.87701918e-03  1.11187131e-01  8.80807581e-01 -2.96038443e-01]
 [-3.85492947e-18  6.76695749e-18  6.01022727e-17 -1.82269325e-17]
 [ 6.70070214e-02  3.29831241e-02  3.68573343e-01 -1.91465136e-01]]
[RiskManager] Veto at session 23: high_volatility = 0.3082
[RiskManager] Veto at session 29: high_volatility = 0.2067
[RiskManager] Veto at session 45: high_volatility = 0.1560
[RiskManager] Veto at session 54: high_volatility = 0.1693
[RiskManager] Veto at session 70: high_volatility = 0.1525
HMM state mapping: {1: 'volatile', 2: 'trending', 0: 'mean_reverting'}
Emission means:
[[-1.09746890e-14  4.55654167e-14  4.01040123e-13 -1.31227799e-13]
 [-2.16280585e-03  1.04716987e-01  8.11450473e-01 -2.84697423e-01]
 [ 7.67090377e-02  3.19428830e-02  3.70724546e-01 -1.65683879e-01]]
[MetaLearner] Retrained at session 51 (error_rate=0.53)
HMM state mapping: {1: 'volatile', 2: 'trending', 0: 'mean_reverting'}
Emission means:
[[-3.09658858e-15  1.31217773e-14  1.15587033e-13 -3.80218696e-14]
 [-2.16279586e-03  1.04716987e-01  8.11450424e-01 -2.84697446e-01]
 [ 7.69204708e-02  3.12816844e-02  3.68374993e-01 -1.58296875e-01]]
[MetaLearner] Retrained at session 61 (error_rate=0.73)
[RiskManager] Veto at session 87: high_volatility = 0.1532
HMM state mapping: {1: 'volatile', 0: 'trending', 2: 'mean_reverting'}
Emission means:
[[ 6.66377417e-02  3.06942169e-02  3.53235450e-01 -1.52530997e-01]
 [-2.16279976e-03  1.04716992e-01  8.11450485e-01 -2.84697431e-01]
 [ 1.38455405e-11  4.64909876e-11  3.92763709e-10 -2.28937117e-10]]
[MetaLearner] Retrained at session 71 (error_rate=0.53)
[RiskManager] Veto at session 96: high_volatility = 0.1607
HMM state mapping: {1: 'volatile', 0: 'trending', 2: 'mean_reverting'}
Emission means:
[[ 0.14062465  0.03061608  0.40973985 -0.18354616]
 [-0.00866032  0.10556324  0.86290943 -0.31331505]
 [ 0.00214919  0.03203038  0.31322989 -0.16347118]]
[RiskManager] Veto at session 22: high_volatility = 0.3717
[RiskManager] Veto at session 26: high_volatility = 0.3856
[RiskManager] Veto at session 30: high_volatility = 0.3015
[RiskManager] Veto at session 35: high_volatility = 0.1561
[RiskManager] Veto at session 39: high_volatility = 0.1753
[RiskManager] Veto at session 51: high_volatility = 0.2068
[RiskManager] Veto at session 55: high_volatility = 0.3500
[RiskManager] Veto at session 59: high_volatility = 0.3639
[RiskManager] Veto at session 69: high_volatility = 0.1743
[RiskManager] Veto at session 74: high_volatility = 0.1851
[RiskManager] Veto at session 83: high_volatility = 0.3321
[RiskManager] Veto at session 87: high_volatility = 0.3351
[RiskManager] Veto at session 91: high_volatility = 0.3460
[RiskManager] Veto at session 97: high_volatility = 0.2488
HMM state mapping: {1: 'volatile', 0: 'trending', 2: 'mean_reverting'}
Emission means:
[[ 0.09675352  0.03365338  0.38240973 -0.2296173 ]
 [ 0.01302904  0.10581062  0.84846211 -0.28415443]
 [ 0.0428394   0.03287686  0.33993906 -0.00943112]]
[RiskManager] Veto at session 25: high_volatility = 0.1511
[RiskManager] Veto at session 29: high_volatility = 0.1593
[RiskManager] Veto at session 33: high_volatility = 0.3187
[RiskManager] Veto at session 37: high_volatility = 0.3139
[RiskManager] Veto at session 42: high_volatility = 0.3357
[RiskManager] Veto at session 47: high_volatility = 0.1539
[RiskManager] Veto at session 55: high_volatility = 0.3020
[RiskManager] Veto at session 59: high_volatility = 0.1534
[RiskManager] Veto at session 65: high_volatility = 0.3658
HMM state mapping: {0: 'volatile', 2: 'trending', 1: 'mean_reverting'}
Emission means:
[[ 0.00181265  0.10771798  0.83822114 -0.30913431]
 [ 0.0110752   0.0337093   0.31177283 -0.09135126]
 [ 0.12454812  0.03119727  0.40025709 -0.19281888]]
[MetaLearner] Retrained at session 46 (error_rate=0.53)
[RiskManager] Veto at session 70: high_volatility = 0.1664
[RiskManager] Veto at session 86: high_volatility = 0.1669
[RiskManager] Veto at session 91: high_volatility = 0.1541
HMM state mapping: {0: 'volatile', 2: 'trending', 1: 'mean_reverting'}
Emission means:
[[-0.00546335  0.09580271  0.78220505 -0.27534345]
 [-0.00187307  0.0330213   0.30495798 -0.20327636]
 [ 0.14608139  0.03211757  0.42396342 -0.08054625]]
[RiskManager] Veto at session 26: high_volatility = 0.2188
[RiskManager] Veto at session 31: high_volatility = 0.1612
[RiskManager] Veto at session 35: high_volatility = 0.3032
[RiskManager] Veto at session 39: high_volatility = 0.3426
[RiskManager] Veto at session 56: high_volatility = 0.1608
[RiskManager] Veto at session 62: high_volatility = 0.1573
[RiskManager] Veto at session 67: high_volatility = 0.1530
[RiskManager] Veto at session 75: high_volatility = 0.2866
[RiskManager] Veto at session 79: high_volatility = 0.3153
[RiskManager] Veto at session 83: high_volatility = 0.4122
[RiskManager] Veto at session 90: high_volatility = 0.1764
[RiskManager] Veto at session 94: high_volatility = 0.1697
[RiskManager] Veto at session 98: high_volatility = 0.1508
HMM state mapping: {0: 'volatile', 1: 'trending', 2: 'mean_reverting'}
Emission means:
[[-0.00845798  0.10434369  0.83864555 -0.28236452]
 [ 0.13540661  0.03135921  0.40724451 -0.09914218]
 [ 0.00308111  0.03358324  0.32114176 -0.15527503]]
[RiskManager] Veto at session 26: high_volatility = 0.1841
[RiskManager] Veto at session 31: high_volatility = 0.1561
[RiskManager] Veto at session 39: high_volatility = 0.1544
[RiskManager] Veto at session 44: high_volatility = 0.3284
[RiskManager] Veto at session 48: high_volatility = 0.3503
[RiskManager] Veto at session 52: high_volatility = 0.3269
[RiskManager] Veto at session 56: high_volatility = 0.3455
[RiskManager] Veto at session 61: high_volatility = 0.3507
[RiskManager] Veto at session 65: high_volatility = 0.3318
HMM state mapping: {2: 'volatile', 0: 'trending', 1: 'mean_reverting'}
Emission means:
[[ 0.07133126  0.03117868  0.36004222 -0.12258746]
 [ 0.00528994  0.1113653   0.86503039 -0.34000456]
 [ 0.11664168  0.11498514  1.38309046 -0.43340092]]
[MetaLearner] Retrained at session 49 (error_rate=0.53)
[RiskManager] Veto at session 73: high_volatility = 0.3004
[RiskManager] Veto at session 77: high_volatility = 0.3543
HMM state mapping: {2: 'volatile', 1: 'trending', 0: 'mean_reverting'}
Emission means:
[[ 3.25541635e-05  1.04983536e-01  8.25900393e-01 -3.30193777e-01]
 [ 7.11847591e-02  3.09032485e-02  3.60172950e-01 -1.23590206e-01]
 [ 1.16641980e-01  1.14985160e-01  1.38309118e+00 -4.33401239e-01]]
[MetaLearner] Retrained at session 59 (error_rate=0.60)
[RiskManager] Veto at session 81: high_volatility = 0.3581
[RiskManager] Veto at session 87: high_volatility = 0.1600
HMM state mapping: {2: 'volatile', 1: 'trending', 0: 'mean_reverting'}
Emission means:
[[-0.01062072  0.10477239  0.8219072  -0.32260389]
 [ 0.05077663  0.03070823  0.34337323 -0.12152497]
 [ 0.11664198  0.11498516  1.38309119 -0.43340124]]
[MetaLearner] Retrained at session 69 (error_rate=0.73)
[RiskManager] Veto at session 96: high_volatility = 0.1641
HMM state mapping: {1: 'volatile', 2: 'trending', 0: 'mean_reverting'}
Emission means:
[[-9.42151873e-04  1.00930147e-01  8.52487027e-01 -3.07751330e-01]
 [-3.31206320e-02  2.98078220e-01  3.11284564e+00 -5.69457650e-01]
 [ 5.07760371e-02  3.07082572e-02  3.43372716e-01 -1.21523703e-01]]
[MetaLearner] Retrained at session 79 (error_rate=0.73)
HMM state mapping: {0: 'volatile', 1: 'trending', 2: 'mean_reverting'}
Emission means:
[[-0.02740184  0.11133477  0.86493299 -0.26986292]
 [ 0.1311758   0.03090748  0.40342673 -0.14637326]
 [ 0.00528596  0.03124697  0.30711496 -0.18107635]]
[RiskManager] Veto at session 26: high_volatility = 0.1841
[RiskManager] Veto at session 31: high_volatility = 0.1561
[RiskManager] Veto at session 39: high_volatility = 0.1544
HMM state mapping: {1: 'volatile', 2: 'trending', 0: 'mean_reverting'}
Emission means:
[[-0.01264618  0.11430939  0.87617696 -0.30868638]
 [ 0.04455742  0.27217627  2.27449736 -0.50736203]
 [ 0.08989994  0.03140572  0.38001976 -0.16046567]]
[MetaLearner] Retrained at session 25 (error_rate=0.27)
[RiskManager] Veto at session 46: high_volatility = 0.2722
[RiskManager] Veto at session 51: high_volatility = 0.1962
HMM state mapping: {1: 'volatile', 0: 'trending', 2: 'mean_reverting'}
Emission means:
[[ 0.06703736  0.0316054   0.35741492 -0.15847349]
 [ 0.04455742  0.27217627  2.27449736 -0.50736203]
 [-0.01081085  0.11400327  0.876673   -0.30704985]]
[MetaLearner] Retrained at session 35 (error_rate=0.60)
[RiskManager] Veto at session 57: high_volatility = 0.3200
[RiskManager] Veto at session 61: high_volatility = 0.3772
[RiskManager] Veto at session 65: high_volatility = 0.3604
HMM state mapping: {2: 'volatile', 1: 'trending', 0: 'mean_reverting'}
Emission means:
[[-0.00701589  0.11008002  0.88241859 -0.28645053]
 [ 0.07252981  0.03193026  0.3648104  -0.16147795]
 [ 0.04455742  0.27217627  2.27449736 -0.50736203]]
[MetaLearner] Retrained at session 45 (error_rate=0.73)
[RiskManager] Veto at session 70: high_volatility = 0.1511
HMM state mapping: {2: 'volatile', 1: 'trending', 0: 'mean_reverting'}
Emission means:
[[-0.00305251  0.10772132  0.88698485 -0.29170099]
 [ 0.08630625  0.03114064  0.37058633 -0.14258888]
 [ 0.04455742  0.27217627  2.27449736 -0.50736203]]
[MetaLearner] Retrained at session 55 (error_rate=0.40)
HMM state mapping: {2: 'volatile', 0: 'trending', 1: 'mean_reverting'}
Emission means:
[[ 8.63062530e-02  3.11406416e-02  3.70586330e-01 -1.42588879e-01]
 [ 1.43571714e-03  1.06882345e-01  8.80987203e-01 -2.90462969e-01]
 [ 4.45574227e-02  2.72176270e-01  2.27449736e+00 -5.07362030e-01]]
[MetaLearner] Retrained at session 65 (error_rate=0.60)
[RiskManager] Veto at session 87: high_volatility = 0.3158
[RiskManager] Veto at session 91: high_volatility = 0.3465
[RiskManager] Veto at session 95: high_volatility = 0.3864
HMM state mapping: {2: 'volatile', 0: 'trending', 1: 'mean_reverting'}
Emission means:
[[ 0.08166892  0.0315022   0.37109974 -0.15015562]
 [-0.00437789  0.10727938  0.88598995 -0.30791683]
 [ 0.04455742  0.27217627  2.27449736 -0.50736203]]
[MetaLearner] Retrained at session 75 (error_rate=0.80)
[RiskManager] Veto at session 99: high_volatility = 0.3711
HMM state mapping: {0: 'volatile', 1: 'trending', 2: 'mean_reverting'}
Emission means:
[[ 0.00342809  0.10145873  0.80038164 -0.2362646 ]
 [ 0.13622526  0.03267901  0.43983352 -0.13810309]
 [ 0.00431702  0.03396145  0.32452374 -0.16819853]]
[RiskManager] Veto at session 22: high_volatility = 0.2731
[RiskManager] Veto at session 29: high_volatility = 0.2732
[RiskManager] Veto at session 41: high_volatility = 0.1591
[RiskManager] Veto at session 45: high_volatility = 0.3197
[RiskManager] Veto at session 49: high_volatility = 0.3276
[RiskManager] Veto at session 53: high_volatility = 0.1607
[RiskManager] Veto at session 58: high_volatility = 0.1670
[RiskManager] Veto at session 62: high_volatility = 0.3370
[RiskManager] Veto at session 66: high_volatility = 0.3673
[RiskManager] Veto at session 70: high_volatility = 0.1528
[RiskManager] Veto at session 74: high_volatility = 0.1755
[RiskManager] Veto at session 79: high_volatility = 0.1606
[RiskManager] Veto at session 92: high_volatility = 0.2681
[RiskManager] Veto at session 96: high_volatility = 0.3293
HMM state mapping: {0: 'volatile', 2: 'trending', 1: 'mean_reverting'}
Emission means:
[[-0.00894085  0.09885482  0.80113287 -0.27165187]
 [ 0.0131003   0.03177358  0.3102703  -0.16633765]
 [ 0.14490219  0.03261925  0.41167922 -0.12466823]]
[RiskManager] Veto at session 26: high_volatility = 0.1722
[RiskManager] Veto at session 39: high_volatility = 0.2077
[RiskManager] Veto at session 43: high_volatility = 0.3234
[RiskManager] Veto at session 47: high_volatility = 0.3943
[RiskManager] Veto at session 51: high_volatility = 0.3273
[RiskManager] Veto at session 55: high_volatility = 0.1511
[RiskManager] Veto at session 59: high_volatility = 0.1563
[RiskManager] Veto at session 75: high_volatility = 0.2965
[RiskManager] Veto at session 81: high_volatility = 0.1861
[RiskManager] Veto at session 85: high_volatility = 0.3325
[RiskManager] Veto at session 89: high_volatility = 0.3999
[RiskManager] Veto at session 93: high_volatility = 0.1739
[RiskManager] Veto at session 99: high_volatility = 0.1734
HMM state mapping: {0: 'volatile', 2: 'trending', 1: 'mean_reverting'}
Emission means:
[[ 1.07683138e-02  9.81254077e-02  7.80361587e-01 -2.88340139e-01]
 [-1.25926200e-04  3.59384228e-02  3.21426149e-01 -1.74848893e-01]
 [ 1.36064076e-01  2.98160554e-02  4.28294286e-01 -1.21284966e-01]]
[RiskManager] Veto at session 24: high_volatility = 0.1717
[RiskManager] Veto at session 48: high_volatility = 0.1771
[RiskManager] Veto at session 61: high_volatility = 0.3120
[RiskManager] Veto at session 68: high_volatility = 0.1528
[RiskManager] Veto at session 72: high_volatility = 0.2623
[RiskManager] Veto at session 78: high_volatility = 0.2882
[RiskManager] Veto at session 82: high_volatility = 0.2420
[RiskManager] Veto at session 86: high_volatility = 0.3497
HMM state mapping: {1: 'volatile', 2: 'trending', 0: 'mean_reverting'}
Emission means:
[[ 0.01394155  0.03147304  0.29677853 -0.17830858]
 [ 0.01347268  0.10322834  0.83218974 -0.28582881]
 [ 0.13824074  0.03138197  0.4257513  -0.0867269 ]]
[RiskManager] Veto at session 26: high_volatility = 0.1855
[RiskManager] Veto at session 30: high_volatility = 0.1618
[RiskManager] Veto at session 34: high_volatility = 0.3801
HMM state mapping: {1: 'volatile', 2: 'trending', 0: 'mean_reverting'}
Emission means:
[[ 0.02093074  0.10276686  0.82076367 -0.30136813]
 [ 0.06455732  0.32054401  3.26064158 -0.52173099]
 [ 0.05966187  0.03145315  0.34410683 -0.12050393]]
[MetaLearner] Retrained at session 17 (error_rate=0.27)
[RiskManager] Veto at session 38: high_volatility = 0.3205
[RiskManager] Veto at session 42: high_volatility = 0.3293
[RiskManager] Veto at session 46: high_volatility = 0.3315
HMM state mapping: {1: 'volatile', 0: 'trending', 2: 'mean_reverting'}
Emission means:
[[ 0.05487778  0.03146698  0.34401921 -0.12299899]
 [ 0.06455732  0.32054401  3.26064158 -0.52173099]
 [ 0.0187544   0.10677085  0.84546508 -0.28901889]]
[MetaLearner] Retrained at session 27 (error_rate=0.67)
HMM state mapping: {2: 'volatile', 1: 'trending', 0: 'mean_reverting'}
Emission means:
[[ 0.0193872   0.10763515  0.84884486 -0.28815843]
 [ 0.05157701  0.03156502  0.34366192 -0.11742776]
 [ 0.06455732  0.32054401  3.26064158 -0.52173099]]
[MetaLearner] Retrained at session 37 (error_rate=0.87)
[RiskManager] Veto at session 66: high_volatility = 0.2863
HMM state mapping: {1: 'volatile', 2: 'trending', 0: 'mean_reverting'}
Emission means:
[[ 0.02414137  0.10569207  0.84346481 -0.28646144]
 [ 0.06455732  0.32054401  3.26064158 -0.52173099]
 [ 0.05081936  0.03160094  0.3432082  -0.11380026]]
[MetaLearner] Retrained at session 47 (error_rate=0.47)
[RiskManager] Veto at session 70: high_volatility = 0.3284
[RiskManager] Veto at session 74: high_volatility = 0.3139
HMM state mapping: {2: 'volatile', 0: 'trending', 1: 'mean_reverting'}
Emission means:
[[ 0.05711026  0.03146354  0.33930125 -0.11280634]
 [ 0.02578058  0.1069452   0.84764738 -0.29123661]
 [ 0.06455732  0.32054401  3.26064158 -0.52173099]]
[MetaLearner] Retrained at session 57 (error_rate=0.53)
[RiskManager] Veto at session 88: high_volatility = 0.3419
[RiskManager] Veto at session 94: high_volatility = 0.2821
HMM state mapping: {2: 'volatile', 1: 'trending', 0: 'mean_reverting'}
Emission means:
[[ 0.01530191  0.10413     0.83813364 -0.28387286]
 [ 0.06552892  0.02987764  0.33779686 -0.13005321]
 [ 0.06455732  0.32054401  3.26064158 -0.52173099]]
[MetaLearner] Retrained at session 74 (error_rate=0.27)
[RiskManager] Veto at session 98: high_volatility = 0.3353
HMM state mapping: {0: 'volatile', 1: 'trending', 2: 'mean_reverting'}
Emission means:
[[ 0.01368071  0.10425975  0.8555634  -0.24117327]
 [ 0.14159499  0.03152876  0.43539716 -0.18859399]
 [ 0.01154805  0.03177913  0.3066222  -0.21716861]]
[RiskManager] Veto at session 24: high_volatility = 0.3131
[RiskManager] Veto at session 28: high_volatility = 0.2566
[RiskManager] Veto at session 32: high_volatility = 0.3612
HMM state mapping: {1: 'volatile', 0: 'trending', 2: 'mean_reverting'}
Emission means:
[[ 0.0445874   0.03233981  0.34934368 -0.17586902]
 [ 0.12590329  0.32789625  3.35282298 -0.50350623]
 [ 0.01368071  0.10425975  0.8555634  -0.24117327]]
[MetaLearner] Retrained at session 15 (error_rate=0.33)
[RiskManager] Veto at session 36: high_volatility = 0.3279
[RiskManager] Veto at session 44: high_volatility = 0.3559
HMM state mapping: {2: 'volatile', 1: 'trending', 0: 'mean_reverting'}
Emission means:
[[ 0.01368071  0.10425975  0.8555634  -0.24117327]
 [ 0.06330922  0.0311835   0.35935783 -0.16174968]
 [ 0.12590329  0.32789625  3.35282298 -0.50350623]]
[MetaLearner] Retrained at session 25 (error_rate=0.33)
[RiskManager] Veto at session 51: high_volatility = 0.1564
HMM state mapping: {1: 'volatile', 0: 'trending', 2: 'mean_reverting'}
Emission means:
[[ 0.06119679  0.03030383  0.3498291  -0.15381475]
 [ 0.12590329  0.32789625  3.35282298 -0.50350623]
 [ 0.01361886  0.10519156  0.8492502  -0.24660358]]
[MetaLearner] Retrained at session 35 (error_rate=0.73)
[RiskManager] Veto at session 64: high_volatility = 0.2958
HMM state mapping: {1: 'volatile', 0: 'trending', 2: 'mean_reverting'}
Emission means:
[[ 0.0693406   0.02976222  0.34981525 -0.1472051 ]
 [ 0.12590329  0.32789625  3.35282298 -0.50350623]
 [ 0.01361886  0.10519156  0.8492502  -0.24660358]]
[MetaLearner] Retrained at session 45 (error_rate=0.53)
HMM state mapping: {1: 'volatile', 0: 'trending', 2: 'mean_reverting'}
Emission means:
[[ 0.06432278  0.02981559  0.34450156 -0.14936075]
 [ 0.12590329  0.32789625  3.35282298 -0.50350623]
 [ 0.02411003  0.10735825  0.8414409  -0.26784979]]
[MetaLearner] Retrained at session 55 (error_rate=0.80)
[RiskManager] Veto at session 80: high_volatility = 0.2940
[RiskManager] Veto at session 84: high_volatility = 0.3145
HMM state mapping: {1: 'volatile', 0: 'trending', 2: 'mean_reverting'}
Emission means:
[[ 0.0585093   0.02988826  0.33990552 -0.14767796]
 [ 0.12590329  0.32789625  3.35282298 -0.50350623]
 [ 0.01870522  0.10659845  0.85173896 -0.27673711]]
[MetaLearner] Retrained at session 65 (error_rate=0.93)
HMM state mapping: {1: 'volatile', 0: 'trending', 2: 'mean_reverting'}
Emission means:
[[ 0.0585336   0.03027736  0.3417661  -0.14977198]
 [ 0.12590329  0.32789625  3.35282298 -0.50350623]
 [ 0.01570985  0.10662291  0.86295286 -0.25539519]]
[MetaLearner] Retrained at session 75 (error_rate=0.60)
HMM state mapping: {0: 'volatile', 2: 'trending', 1: 'mean_reverting'}
Emission means:
[[-0.01081968  0.09489742  0.77020605 -0.26467588]
 [ 0.00560276  0.03265653  0.31314917 -0.15597768]
 [ 0.13234169  0.03141354  0.42273945 -0.1322359 ]]
[RiskManager] Veto at session 22: high_volatility = 0.3053
[RiskManager] Veto at session 28: high_volatility = 0.1606
[RiskManager] Veto at session 32: high_volatility = 0.1572
[RiskManager] Veto at session 41: high_volatility = 0.1591
HMM state mapping: {1: 'volatile', 0: 'trending', 2: 'mean_reverting'}
Emission means:
[[ 0.0743351   0.03225633  0.3593088  -0.14408721]
 [ 0.02955105  0.33686417  2.47797878 -0.53270825]
 [-0.00929409  0.10362583  0.82612647 -0.2916523 ]]
[MetaLearner] Retrained at session 24 (error_rate=0.27)
[RiskManager] Veto at session 45: high_volatility = 0.3369
[RiskManager] Veto at session 49: high_volatility = 0.3217
[RiskManager] Veto at session 53: high_volatility = 0.3415
HMM state mapping: {1: 'volatile', 0: 'trending', 2: 'mean_reverting'}
Emission means:
[[ 0.07129234  0.03171931  0.35097215 -0.15350047]
 [ 0.02955105  0.33686417  2.47797878 -0.53270825]
 [-0.00337892  0.1032487   0.8291282  -0.2859236 ]]
[MetaLearner] Retrained at session 34 (error_rate=0.67)
[RiskManager] Veto at session 57: high_volatility = 0.3120
[RiskManager] Veto at session 64: high_volatility = 0.2699
HMM state mapping: {2: 'volatile', 1: 'trending', 0: 'mean_reverting'}
Emission means:
[[-0.00344584  0.10422438  0.83645684 -0.28943971]
 [ 0.05116004  0.03247438  0.33377028 -0.13766902]
 [ 0.02955105  0.33686417  2.47797878 -0.53270825]]
[MetaLearner] Retrained at session 44 (error_rate=0.73)
[RiskManager] Veto at session 73: high_volatility = 0.3200
HMM state mapping: {2: 'volatile', 0: 'trending', 1: 'mean_reverting'}
Emission means:
[[ 3.86077759e-02  3.21566838e-02  3.21227680e-01 -1.23207041e-01]
 [ 7.32584804e-04  1.05743160e-01  8.47180476e-01 -3.05877899e-01]
 [ 2.95510513e-02  3.36864166e-01  2.47797878e+00 -5.32708254e-01]]
[MetaLearner] Retrained at session 54 (error_rate=0.80)
[RiskManager] Veto at session 77: high_volatility = 0.4003
[RiskManager] Veto at session 81: high_volatility = 0.3383
HMM state mapping: {1: 'volatile', 2: 'trending', 0: 'mean_reverting'}
Emission means:
[[ 2.43761451e-04  1.05981590e-01  8.47424598e-01 -2.92672025e-01]
 [ 5.24220452e-02  3.41402471e-01  2.55713197e+00 -5.86879005e-01]
 [ 3.52281027e-02  3.19559167e-02  3.11681679e-01 -1.15111442e-01]]
[MetaLearner] Retrained at session 64 (error_rate=0.73)
[RiskManager] Veto at session 85: high_volatility = 0.3459
[RiskManager] Veto at session 89: high_volatility = 0.3290
HMM state mapping: {1: 'volatile', 2: 'trending', 0: 'mean_reverting'}
Emission means:
[[ 1.87616604e-03  1.02706004e-01  8.29700568e-01 -2.89601311e-01]
 [ 5.24220452e-02  3.41402471e-01  2.55713197e+00 -5.86879005e-01]
 [ 8.22479009e-03  3.19036477e-02  2.96713244e-01 -1.10456987e-01]]
[MetaLearner] Retrained at session 74 (error_rate=0.73)
HMM state mapping: {1: 'volatile', 0: 'trending', 2: 'mean_reverting'}
Emission means:
[[ 0.13953443  0.03069916  0.39871919 -0.10700984]
 [-0.00763015  0.10590625  0.83035732 -0.29272152]
 [ 0.00493637  0.03217437  0.29365052 -0.13522382]]
[RiskManager] Veto at session 22: high_volatility = 0.3717
[RiskManager] Veto at session 26: high_volatility = 0.3877
[RiskManager] Veto at session 46: high_volatility = 0.1866
[RiskManager] Veto at session 50: high_volatility = 0.3807
[RiskManager] Veto at session 54: high_volatility = 0.3119
[RiskManager] Veto at session 58: high_volatility = 0.1927
[RiskManager] Veto at session 62: high_volatility = 0.1744
[RiskManager] Veto at session 79: high_volatility = 0.2544
[RiskManager] Veto at session 83: high_volatility = 0.2816
HMM state mapping: {1: 'volatile', 0: 'trending', 2: 'mean_reverting'}
Emission means:
[[ 0.04138179  0.03095697  0.31854578 -0.1460846 ]
 [ 0.012957    0.31929568  2.89675662 -0.57643092]
 [-0.01286772  0.10634192  0.83597313 -0.28786797]]
[MetaLearner] Retrained at session 66 (error_rate=0.27)
[RiskManager] Veto at session 87: high_volatility = 0.3193
HMM state mapping: {1: 'volatile', 0: 'trending', 2: 'mean_reverting'}
Emission means:
[[ 0.03690931  0.03066994  0.31786626 -0.13522999]
 [ 0.012957    0.31929568  2.89675662 -0.57643092]
 [-0.02486509  0.10722549  0.87541343 -0.28005725]]
[MetaLearner] Retrained at session 76 (error_rate=0.40)
HMM state mapping: {1: 'volatile', 2: 'trending', 0: 'mean_reverting'}
Emission means:
[[ 0.00228666  0.03015065  0.31604366 -0.16047711]
 [-0.00844324  0.09997746  0.83638289 -0.29110307]
 [ 0.14108108  0.03210795  0.39894589 -0.15974146]]
[RiskManager] Veto at session 22: high_volatility = 0.3717
[RiskManager] Veto at session 26: high_volatility = 0.3856
[RiskManager] Veto at session 30: high_volatility = 0.3015
[RiskManager] Veto at session 35: high_volatility = 0.1561
[RiskManager] Veto at session 39: high_volatility = 0.1753
[RiskManager] Veto at session 51: high_volatility = 0.2068
[RiskManager] Veto at session 55: high_volatility = 0.3500
[RiskManager] Veto at session 59: high_volatility = 0.3639
[RiskManager] Veto at session 69: high_volatility = 0.1743
[RiskManager] Veto at session 74: high_volatility = 0.1851
[RiskManager] Veto at session 87: high_volatility = 0.1587
HMM state mapping: {0: 'volatile', 1: 'trending', 2: 'mean_reverting'}
Emission means:
[[-0.01052401  0.10054405  0.84687524 -0.25054328]
 [ 0.14411754  0.03323666  0.42714931 -0.15556335]
 [ 0.0037684   0.03344022  0.30642443 -0.1416818 ]]
[RiskManager] Veto at session 22: high_volatility = 0.3633
[RiskManager] Veto at session 47: high_volatility = 0.1809
[RiskManager] Veto at session 51: high_volatility = 0.3186
[RiskManager] Veto at session 55: high_volatility = 0.3831
[RiskManager] Veto at session 59: high_volatility = 0.3430
[RiskManager] Veto at session 63: high_volatility = 0.3819
[RiskManager] Veto at session 72: high_volatility = 0.1649
[RiskManager] Veto at session 80: high_volatility = 0.1878
[RiskManager] Veto at session 84: high_volatility = 0.1518
[RiskManager] Veto at session 88: high_volatility = 0.2920
[RiskManager] Veto at session 92: high_volatility = 0.1523
[RiskManager] Veto at session 96: high_volatility = 0.1797
HMM state mapping: {1: 'volatile', 2: 'trending', 0: 'mean_reverting'}
Emission means:
[[ 0.00916191  0.03121465  0.30538607 -0.12098974]
 [ 0.01142451  0.09890014  0.7941332  -0.24980983]
 [ 0.14078258  0.02952536  0.41179233 -0.11891066]]
[RiskManager] Veto at session 26: high_volatility = 0.1722
[RiskManager] Veto at session 31: high_volatility = 0.2927
HMM state mapping: {1: 'volatile', 0: 'trending', 2: 'mean_reverting'}
Emission means:
[[ 0.07552593  0.03029987  0.35007904 -0.12214863]
 [ 0.13876372  0.15633412  2.19526285 -0.47377496]
 [ 0.00695036  0.10081804  0.79983983 -0.25754048]]
[MetaLearner] Retrained at session 19 (error_rate=0.27)
[RiskManager] Veto at session 40: high_volatility = 0.1563
HMM state mapping: {1: 'volatile', 0: 'trending', 2: 'mean_reverting'}
Emission means:
[[ 0.07184329  0.03045391  0.34237535 -0.12153287]
 [ 0.13876372  0.15633412  2.19526285 -0.47377496]
 [ 0.00695035  0.10081801  0.79983954 -0.25754064]]
[MetaLearner] Retrained at session 29 (error_rate=0.73)
HMM state mapping: {1: 'volatile', 0: 'trending', 2: 'mean_reverting'}
Emission means:
[[ 0.0688494   0.02918538  0.32811189 -0.11647024]
 [ 0.13876372  0.15633412  2.19526285 -0.47377496]
 [ 0.0069504   0.10081822  0.79984201 -0.25753961]]
[MetaLearner] Retrained at session 39 (error_rate=0.53)
HMM state mapping: {2: 'volatile', 1: 'trending', 0: 'mean_reverting'}
Emission means:
[[ 0.00695042  0.1008182   0.79984184 -0.25753965]
 [ 0.06884942  0.02918536  0.32811179 -0.11647018]
 [ 0.06424271  0.17286436  2.32774179 -0.47369546]]
[MetaLearner] Retrained at session 49 (error_rate=0.60)
[RiskManager] Veto at session 70: high_volatility = 0.1894
HMM state mapping: {1: 'volatile', 2: 'trending', 0: 'mean_reverting'}
Emission means:
[[ 0.00695068  0.10081803  0.79984109 -0.2575395 ]
 [ 0.06424271  0.17286436  2.32774179 -0.47369546]
 [ 0.07826034  0.02920924  0.34039012 -0.12481843]]
[MetaLearner] Retrained at session 59 (error_rate=0.33)
HMM state mapping: {1: 'volatile', 2: 'trending', 0: 'mean_reverting'}
Emission means:
[[ 0.00694965  0.10081855  0.79984692 -0.25753826]
 [ 0.06424271  0.17286436  2.32774179 -0.47369546]
 [ 0.07556102  0.02820292  0.32865772 -0.12051667]]
[MetaLearner] Retrained at session 69 (error_rate=0.33)
HMM state mapping: {1: 'volatile', 2: 'trending', 0: 'mean_reverting'}
Emission means:
[[ 0.00694777  0.10081908  0.79985286 -0.25753824]
 [ 0.06424271  0.17286436  2.32774179 -0.47369546]
 [ 0.07304183  0.02726385  0.31770863 -0.11650173]]
[MetaLearner] Retrained at session 79 (error_rate=0.73)
HMM state mapping: {0: 'volatile', 2: 'trending', 1: 'mean_reverting'}
Emission means:
[[-4.32486995e-03  1.05665436e-01  8.40480572e-01 -3.11621188e-01]
 [ 1.65165910e-34  2.70938749e-34  2.81768459e-33 -2.10343376e-33]
 [ 6.21808205e-02  3.25299626e-02  3.74569285e-01 -2.21767827e-01]]
[RiskManager] Veto at session 25: high_volatility = 0.3574
[RiskManager] Veto at session 32: high_volatility = 0.1572
[RiskManager] Veto at session 40: high_volatility = 0.1592
[RiskManager] Veto at session 46: high_volatility = 0.1681
[RiskManager] Veto at session 51: high_volatility = 0.3193
HMM state mapping: {1: 'volatile', 2: 'trending', 0: 'mean_reverting'}
Emission means:
[[ 2.43075864e-04  1.28356543e-03  1.52169886e-02 -4.79188720e-04]
 [-1.35659274e-03  1.01905325e-01  7.94221100e-01 -2.97729394e-01]
 [ 1.05866163e-01  3.09105217e-02  3.83063555e-01 -1.87883375e-01]]
[MetaLearner] Retrained at session 41 (error_rate=0.53)
[RiskManager] Veto at session 82: high_volatility = 0.3262
HMM state mapping: {2: 'volatile', 0: 'trending', 1: 'mean_reverting'}
Emission means:
[[ 4.75585314e-02  1.71845224e-02  2.04309444e-01 -9.67089801e-02]
 [-3.84457383e-02  8.77908339e-02  3.50113047e+00  4.43471644e-02]
 [-2.65747727e-03  1.02154725e-01  7.85025956e-01 -3.05789053e-01]]
[MetaLearner] Retrained at session 65 (error_rate=0.53)
HMM state mapping: {1: 'volatile', 2: 'trending', 0: 'mean_reverting'}
Emission means:
[[ 0.00411669  0.03083765  0.2966253  -0.19425246]
 [ 0.01080907  0.10278672  0.87579328 -0.27228979]
 [ 0.13842611  0.03356565  0.42277204 -0.11679194]]
[RiskManager] Veto at session 23: high_volatility = 0.2925
[RiskManager] Veto at session 27: high_volatility = 0.3907
[RiskManager] Veto at session 39: high_volatility = 0.3017
[RiskManager] Veto at session 43: high_volatility = 0.3234
[RiskManager] Veto at session 47: high_volatility = 0.3943
HMM state mapping: {1: 'volatile', 0: 'trending', 2: 'mean_reverting'}
Emission means:
[[ 0.04607311  0.03189004  0.34093921 -0.15629276]
 [ 0.00587786  0.32732763  3.09939139 -0.50490409]
 [ 0.01080907  0.10278672  0.87579327 -0.27228979]]
[MetaLearner] Retrained at session 30 (error_rate=0.27)
[RiskManager] Veto at session 51: high_volatility = 0.3273
[RiskManager] Veto at session 63: high_volatility = 0.3159
HMM state mapping: {1: 'volatile', 0: 'trending', 2: 'mean_reverting'}
Emission means:
[[ 0.05235987  0.03165479  0.34145248 -0.16032216]
 [ 0.00587786  0.32732763  3.09939139 -0.50490409]
 [ 0.00848385  0.10225406  0.84461904 -0.29468092]]
[MetaLearner] Retrained at session 43 (error_rate=0.27)
[RiskManager] Veto at session 67: high_volatility = 0.3396
[RiskManager] Veto at session 71: high_volatility = 0.3370
HMM state mapping: {1: 'volatile', 0: 'trending', 2: 'mean_reverting'}
Emission means:
[[ 4.11750443e-02  3.10126948e-02  3.29854946e-01 -1.48755054e-01]
 [ 5.87786083e-03  3.27327627e-01  3.09939139e+00 -5.04904087e-01]
 [ 9.51249058e-04  1.02857320e-01  8.27928691e-01 -3.09216679e-01]]
[MetaLearner] Retrained at session 53 (error_rate=0.73)
[RiskManager] Veto at session 83: high_volatility = 0.4029
HMM state mapping: {1: 'volatile', 0: 'trending', 2: 'mean_reverting'}
Emission means:
[[ 0.03911546  0.03106372  0.32738223 -0.14747068]
 [ 0.00587786  0.32732763  3.09939139 -0.50490409]
 [-0.00553013  0.10322262  0.83203893 -0.28532616]]
[MetaLearner] Retrained at session 63 (error_rate=0.87)
[RiskManager] Veto at session 87: high_volatility = 0.3361
HMM state mapping: {1: 'volatile', 0: 'trending', 2: 'mean_reverting'}
Emission means:
[[ 4.64488951e-02  3.07742957e-02  3.30206424e-01 -1.46168419e-01]
 [ 5.87786083e-03  3.27327627e-01  3.09939139e+00 -5.04904087e-01]
 [-1.01739979e-03  9.94741723e-02  8.07983645e-01 -2.90812594e-01]]
[MetaLearner] Retrained at session 73 (error_rate=0.53)
HMM state mapping: {1: 'volatile', 0: 'trending', 2: 'mean_reverting'}
Emission means:
[[ 0.1414596   0.03096286  0.40527299 -0.18150474]
 [-0.01377673  0.10673159  0.83625778 -0.30856514]
 [ 0.0025833   0.03320769  0.29581566 -0.11501324]]
[RiskManager] Veto at session 22: high_volatility = 0.3633
[RiskManager] Veto at session 32: high_volatility = 0.1612
[RiskManager] Veto at session 38: high_volatility = 0.1513
[RiskManager] Veto at session 42: high_volatility = 0.1534
[RiskManager] Veto at session 48: high_volatility = 0.1573
[RiskManager] Veto at session 57: high_volatility = 0.2840
[RiskManager] Veto at session 61: high_volatility = 0.3404
[RiskManager] Veto at session 65: high_volatility = 0.3216
[RiskManager] Veto at session 69: high_volatility = 0.3171
[RiskManager] Veto at session 79: high_volatility = 0.1591
[RiskManager] Veto at session 86: high_volatility = 0.3014
HMM state mapping: {1: 'volatile', 2: 'trending', 0: 'mean_reverting'}
Emission means:
[[-0.00263854  0.03233082  0.3066044  -0.15955945]
 [-0.00770161  0.1006899   0.77094686 -0.27259941]
 [ 0.14286556  0.03240108  0.42351179 -0.13629032]]
[RiskManager] Veto at session 22: high_volatility = 0.3713
[RiskManager] Veto at session 34: high_volatility = 0.2900
[RiskManager] Veto at session 38: high_volatility = 0.2815
[RiskManager] Veto at session 49: high_volatility = 0.1741
[RiskManager] Veto at session 53: high_volatility = 0.3011
HMM state mapping: {0: 'volatile', 2: 'trending', 1: 'mean_reverting'}
Emission means:
[[-0.00770199  0.10068989  0.77094659 -0.27259916]
 [ 0.00466941  0.0305481   0.29376291 -0.11458117]
 [ 0.13996636  0.03128541  0.39415564 -0.15884071]]
[MetaLearner] Retrained at session 34 (error_rate=0.53)
[RiskManager] Veto at session 57: high_volatility = 0.3681
[RiskManager] Veto at session 61: high_volatility = 0.3366
[RiskManager] Veto at session 81: high_volatility = 0.1502
[RiskManager] Veto at session 85: high_volatility = 0.1629
[RiskManager] Veto at session 89: high_volatility = 0.3409
[RiskManager] Veto at session 93: high_volatility = 0.3170
[RiskManager] Veto at session 98: high_volatility = 0.1606
HMM state mapping: {1: 'volatile', 2: 'trending', 0: 'mean_reverting'}
Emission means:
[[ 0.01721245  0.03114766  0.28817878 -0.1805267 ]
 [ 0.00832084  0.09554811  0.80364289 -0.25481154]
 [ 0.14299914  0.03317058  0.42563444 -0.16080004]]
[RiskManager] Veto at session 26: high_volatility = 0.1722
[RiskManager] Veto at session 42: high_volatility = 0.1543
[RiskManager] Veto at session 46: high_volatility = 0.1544
[RiskManager] Veto at session 51: high_volatility = 0.1620
[RiskManager] Veto at session 63: high_volatility = 0.2951
[RiskManager] Veto at session 67: high_volatility = 0.2724
[RiskManager] Veto at session 71: high_volatility = 0.3134
[RiskManager] Veto at session 76: high_volatility = 0.1502
[RiskManager] Veto at session 81: high_volatility = 0.3563
[RiskManager] Veto at session 87: high_volatility = 0.2914
[RiskManager] Veto at session 91: high_volatility = 0.3086
[RiskManager] Veto at session 95: high_volatility = 0.3626
HMM state mapping: {1: 'volatile', 2: 'trending', 0: 'mean_reverting'}
Emission means:
[[ 6.72616345e-04  3.18254560e-02  2.99160031e-01 -1.35933281e-01]
 [-2.69532646e-02  1.04651526e-01  7.98254371e-01 -3.07520019e-01]
 [ 1.37293139e-01  3.36611162e-02  4.30636563e-01 -1.66656401e-01]]
[RiskManager] Veto at session 23: high_volatility = 0.1510
[RiskManager] Veto at session 27: high_volatility = 0.2638
[RiskManager] Veto at session 32: high_volatility = 0.1572
[RiskManager] Veto at session 38: high_volatility = 0.1637
[RiskManager] Veto at session 42: high_volatility = 0.3798
[RiskManager] Veto at session 47: high_volatility = 0.3265
[RiskManager] Veto at session 52: high_volatility = 0.1929
[RiskManager] Veto at session 56: high_volatility = 0.3298
[RiskManager] Veto at session 61: high_volatility = 0.3593
[RiskManager] Veto at session 67: high_volatility = 0.1655
[RiskManager] Veto at session 73: high_volatility = 0.1624
[RiskManager] Veto at session 86: high_volatility = 0.1780
[RiskManager] Veto at session 91: high_volatility = 0.1970
[RiskManager] Veto at session 95: high_volatility = 0.2162
HMM state mapping: {1: 'volatile', 0: 'trending', 2: 'mean_reverting'}
Emission means:
[[ 0.14314197  0.03011255  0.428991   -0.1553338 ]
 [ 0.02117299  0.09927083  0.78717094 -0.26298283]
 [ 0.00958091  0.0324463   0.31365296 -0.124967  ]]
[RiskManager] Veto at session 42: high_volatility = 0.1735
[RiskManager] Veto at session 46: high_volatility = 0.3054
[RiskManager] Veto at session 50: high_volatility = 0.3781
[RiskManager] Veto at session 70: high_volatility = 0.1513
[RiskManager] Veto at session 75: high_volatility = 0.1929
[RiskManager] Veto at session 79: high_volatility = 0.3440
HMM state mapping: {1: 'volatile', 0: 'trending', 2: 'mean_reverting'}
Emission means:
[[ 0.0548588   0.03088553  0.33546857 -0.14927392]
 [-0.04759136  0.31765596  3.27745665 -0.45124387]
 [ 0.02079746  0.10030848  0.80236914 -0.27545565]]
[MetaLearner] Retrained at session 62 (error_rate=0.27)
[RiskManager] Veto at session 83: high_volatility = 0.3177
HMM state mapping: {1: 'volatile', 2: 'trending', 0: 'mean_reverting'}
Emission means:
[[ 0.02078363  0.1003156   0.80239906 -0.2754598 ]
 [-0.0075221   0.31717674  3.02221889 -0.54965478]
 [ 0.0513023   0.03066244  0.33080826 -0.14701892]]
[MetaLearner] Retrained at session 72 (error_rate=0.33)
[RiskManager] Veto at session 93: high_volatility = 0.3167
[RiskManager] Veto at session 97: high_volatility = 0.3808
HMM state mapping: {1: 'volatile', 2: 'trending', 0: 'mean_reverting'}
Emission means:
[[ 0.00122494  0.03269439  0.30827791 -0.15138448]
 [-0.01301384  0.10617842  0.90716483 -0.32000457]
 [ 0.1296553   0.03987377  0.48389969 -0.20971475]]
[RiskManager] Veto at session 29: high_volatility = 0.2966
[RiskManager] Veto at session 33: high_volatility = 0.3073
[RiskManager] Veto at session 44: high_volatility = 0.2576
[RiskManager] Veto at session 54: high_volatility = 0.1686
[RiskManager] Veto at session 59: high_volatility = 0.3448
[RiskManager] Veto at session 63: high_volatility = 0.3622
[RiskManager] Veto at session 67: high_volatility = 0.3644
[RiskManager] Veto at session 71: high_volatility = 0.1628
[RiskManager] Veto at session 75: high_volatility = 0.1568
[RiskManager] Veto at session 81: high_volatility = 0.1747
[RiskManager] Veto at session 85: high_volatility = 0.2896
[RiskManager] Veto at session 89: high_volatility = 0.3955
[RiskManager] Veto at session 93: high_volatility = 0.3240
[RiskManager] Veto at session 97: high_volatility = 0.1563
HMM state mapping: {1: 'volatile', 0: 'trending', 2: 'mean_reverting'}
Emission means:
[[ 0.1176968   0.0327736   0.40769345 -0.26139272]
 [-0.0184589   0.09987568  0.77509717 -0.27085251]
 [ 0.05003401  0.03142286  0.33165448 -0.08174136]]
[RiskManager] Veto at session 22: high_volatility = 0.3713
[RiskManager] Veto at session 27: high_volatility = 0.3526
[RiskManager] Veto at session 31: high_volatility = 0.2961
[RiskManager] Veto at session 35: high_volatility = 0.3335
[RiskManager] Veto at session 39: high_volatility = 0.3050
[RiskManager] Veto at session 43: high_volatility = 0.2998
[RiskManager] Veto at session 47: high_volatility = 0.2928
HMM state mapping: {1: 'volatile', 0: 'trending', 2: 'mean_reverting'}
Emission means:
[[ 0.0595248   0.03078482  0.33784663 -0.13229044]
 [ 0.09406824  0.31361832  3.06044663 -0.45993547]
 [-0.02421935  0.10261175  0.77757855 -0.26838254]]
[MetaLearner] Retrained at session 30 (error_rate=0.53)
[RiskManager] Veto at session 51: high_volatility = 0.3136
[RiskManager] Veto at session 58: high_volatility = 0.2632
HMM state mapping: {1: 'volatile', 0: 'trending', 2: 'mean_reverting'}
Emission means:
[[ 0.0686519   0.03019236  0.34268416 -0.1333588 ]
 [ 0.09406824  0.31361832  3.06044663 -0.45993547]
 [-0.01730302  0.10639499  0.80825341 -0.26078784]]
[MetaLearner] Retrained at session 40 (error_rate=0.60)
[RiskManager] Veto at session 62: high_volatility = 0.3376
[RiskManager] Veto at session 66: high_volatility = 0.3038
HMM state mapping: {1: 'volatile', 0: 'trending', 2: 'mean_reverting'}
Emission means:
[[ 0.06884757  0.02965838  0.33870872 -0.13708915]
 [ 0.09406824  0.31361832  3.06044663 -0.45993547]
 [ 0.01589416  0.10787339  0.84201785 -0.21849983]]
[MetaLearner] Retrained at session 50 (error_rate=0.60)
[RiskManager] Veto at session 77: high_volatility = 0.3161
[RiskManager] Veto at session 81: high_volatility = 0.2583
HMM state mapping: {1: 'volatile', 2: 'trending', 0: 'mean_reverting'}
Emission means:
[[ 0.01743829  0.10486265  0.80604576 -0.25286781]
 [ 0.09406824  0.31361832  3.06044663 -0.45993547]
 [ 0.059302    0.02896648  0.33182847 -0.14161582]]
[MetaLearner] Retrained at session 63 (error_rate=0.53)
[RiskManager] Veto at session 85: high_volatility = 0.3524
[RiskManager] Veto at session 89: high_volatility = 0.3116
HMM state mapping: {1: 'volatile', 0: 'trending', 2: 'mean_reverting'}
Emission means:
[[ 0.0882936   0.02969399  0.354672   -0.14860442]
 [ 0.09406824  0.31361832  3.06044663 -0.45993547]
 [ 0.01371078  0.10420896  0.78772239 -0.2705865 ]]
[MetaLearner] Retrained at session 73 (error_rate=0.53)
HMM state mapping: {1: 'volatile', 2: 'trending', 0: 'mean_reverting'}
Emission means:
[[ 0.0144341   0.03211343  0.30231136 -0.10862269]
 [-0.02247108  0.10080455  0.7782628  -0.26568511]
 [ 0.137545    0.03496882  0.45498208 -0.18010601]]
[RiskManager] Veto at session 23: high_volatility = 0.1510
[RiskManager] Veto at session 27: high_volatility = 0.2638
[RiskManager] Veto at session 47: high_volatility = 0.1516
HMM state mapping: {1: 'volatile', 2: 'trending', 0: 'mean_reverting'}
Emission means:
[[-0.01785091  0.10090094  0.77408208 -0.26647093]
 [-0.01330849  0.16434616  1.65509231 -0.46947727]
 [ 0.07780834  0.03238303  0.37413989 -0.15217239]]
[MetaLearner] Retrained at session 44 (error_rate=0.67)
[RiskManager] Veto at session 65: high_volatility = 0.1643
[RiskManager] Veto at session 71: high_volatility = 0.3224
HMM state mapping: {2: 'volatile', 1: 'trending', 0: 'mean_reverting'}
Emission means:
[[ 0.0747487   0.03133425  0.36285132 -0.15592315]
 [ 0.10187258  0.0900108   3.28634602 -0.02925977]
 [-0.01724072  0.1075742   0.86909838 -0.28888383]]
[MetaLearner] Retrained at session 54 (error_rate=0.73)
HMM state mapping: {2: 'volatile', 1: 'trending', 0: 'mean_reverting'}
Emission means:
[[ 0.07470043  0.03133276  0.3627887  -0.15598418]
 [ 0.10187258  0.0900108   3.28634602 -0.02925977]
 [-0.01020862  0.10966651  0.90456859 -0.30691701]]
[MetaLearner] Retrained at session 64 (error_rate=0.80)
[RiskManager] Veto at session 86: high_volatility = 0.1754
[RiskManager] Veto at session 90: high_volatility = 0.3642
[RiskManager] Veto at session 94: high_volatility = 0.3196
HMM state mapping: {0: 'volatile', 1: 'trending', 2: 'mean_reverting'}
Emission means:
[[ 0.00357848  0.10265245  0.83019604 -0.30175175]
 [ 0.14392215  0.03180224  0.43705069 -0.20109659]
 [ 0.0047929   0.03321396  0.30733531 -0.12108332]]
[RiskManager] Veto at session 26: high_volatility = 0.1722
[RiskManager] Veto at session 30: high_volatility = 0.2312
[RiskManager] Veto at session 40: high_volatility = 0.1563
[RiskManager] Veto at session 47: high_volatility = 0.1515
[RiskManager] Veto at session 53: high_volatility = 0.1510
[RiskManager] Veto at session 57: high_volatility = 0.3449
[RiskManager] Veto at session 61: high_volatility = 0.3415
[RiskManager] Veto at session 66: high_volatility = 0.1550
[RiskManager] Veto at session 70: high_volatility = 0.1581
[RiskManager] Veto at session 74: high_volatility = 0.1649
[RiskManager] Veto at session 78: high_volatility = 0.2632
[RiskManager] Veto at session 86: high_volatility = 0.1669
[RiskManager] Veto at session 91: high_volatility = 0.1548
[RiskManager] Veto at session 95: high_volatility = 0.1643
[RiskManager] Veto at session 99: high_volatility = 0.4026
HMM state mapping: {1: 'volatile', 2: 'trending', 0: 'mean_reverting'}
Emission means:
[[ 0.00649668  0.03188989  0.30743884 -0.20530957]
 [ 0.01121065  0.10879083  0.85272392 -0.28835071]
 [ 0.13734126  0.03222367  0.46098358 -0.18970006]]
[RiskManager] Veto at session 22: high_volatility = 0.3053
[RiskManager] Veto at session 28: high_volatility = 0.1606
[RiskManager] Veto at session 32: high_volatility = 0.1572
[RiskManager] Veto at session 36: high_volatility = 0.3103
[RiskManager] Veto at session 40: high_volatility = 0.3166
[RiskManager] Veto at session 44: high_volatility = 0.1837
[RiskManager] Veto at session 50: high_volatility = 0.1969
[RiskManager] Veto at session 54: high_volatility = 0.3360
[RiskManager] Veto at session 58: high_volatility = 0.3368
[RiskManager] Veto at session 62: high_volatility = 0.1622
[RiskManager] Veto at session 66: high_volatility = 0.1669
[RiskManager] Veto at session 83: high_volatility = 0.1677
[RiskManager] Veto at session 91: high_volatility = 0.1589
HMM state mapping: {1: 'volatile', 0: 'trending', 2: 'mean_reverting'}
Emission means:
[[ 0.09132575  0.03179903  0.35583019 -0.22410686]
 [ 0.00837544  0.10257801  0.77414396 -0.28628899]
 [ 0.05072364  0.03390123  0.34167572 -0.05827352]]
[RiskManager] Veto at session 26: high_volatility = 0.1855
[RiskManager] Veto at session 30: high_volatility = 0.1618
[RiskManager] Veto at session 34: high_volatility = 0.2808
[RiskManager] Veto at session 39: high_volatility = 0.3186
[RiskManager] Veto at session 44: high_volatility = 0.1549
[RiskManager] Veto at session 48: high_volatility = 0.1578
[RiskManager] Veto at session 52: high_volatility = 0.3241
[RiskManager] Veto at session 56: high_volatility = 0.3142
[RiskManager] Veto at session 61: high_volatility = 0.1739
[RiskManager] Veto at session 65: high_volatility = 0.1741
[RiskManager] Veto at session 69: high_volatility = 0.2546
[RiskManager] Veto at session 73: high_volatility = 0.3105
[RiskManager] Veto at session 80: high_volatility = 0.1957
[RiskManager] Veto at session 85: high_volatility = 0.1869
[RiskManager] Veto at session 90: high_volatility = 0.3608
[RiskManager] Veto at session 95: high_volatility = 0.3893
HMM state mapping: {1: 'volatile', 0: 'trending', 2: 'mean_reverting'}
Emission means:
[[ 0.14308796  0.03017359  0.40174865 -0.19658341]
 [-0.01733964  0.10039862  0.8303567  -0.27868152]
 [-0.00150134  0.0322041   0.31419207 -0.1587168 ]]
[RiskManager] Veto at session 26: high_volatility = 0.2188
[RiskManager] Veto at session 30: high_volatility = 0.2971
[RiskManager] Veto at session 34: high_volatility = 0.3533
HMM state mapping: {1: 'volatile', 2: 'trending', 0: 'mean_reverting'}
Emission means:
[[ 2.12081605e-05  3.07158003e-02  3.05651053e-01 -1.43217331e-01]
 [-1.73396497e-02  1.00398619e-01  8.30356714e-01 -2.78681526e-01]
 [ 1.37896845e-01  3.09873851e-02  4.04857831e-01 -1.68192629e-01]]
[MetaLearner] Retrained at session 15 (error_rate=0.47)
[RiskManager] Veto at session 43: high_volatility = 0.1561
HMM state mapping: {1: 'volatile', 2: 'trending', 0: 'mean_reverting'}
Emission means:
[[-0.00113783  0.03111147  0.30524697 -0.1284764 ]
 [-0.01733965  0.10039862  0.83035672 -0.27868153]
 [ 0.13624235  0.03074635  0.40219002 -0.1710716 ]]
[MetaLearner] Retrained at session 25 (error_rate=0.40)
[RiskManager] Veto at session 47: high_volatility = 0.3038
[RiskManager] Veto at session 51: high_volatility = 0.3432
[RiskManager] Veto at session 55: high_volatility = 0.3406
HMM state mapping: {1: 'volatile', 2: 'trending', 0: 'mean_reverting'}
Emission means:
[[-0.00204138  0.03041247  0.3040502  -0.13051461]
 [-0.01448568  0.10256875  0.82702012 -0.29101549]
 [ 0.13309451  0.02961043  0.38930139 -0.16696412]]
[MetaLearner] Retrained at session 35 (error_rate=0.33)
[RiskManager] Veto at session 59: high_volatility = 0.3262
[RiskManager] Veto at session 63: high_volatility = 0.3875
[RiskManager] Veto at session 68: high_volatility = 0.1613
[RiskManager] Veto at session 76: high_volatility = 0.1736
[RiskManager] Veto at session 92: high_volatility = 0.2665
[RiskManager] Veto at session 96: high_volatility = 0.2743
HMM state mapping: {1: 'volatile', 0: 'trending', 2: 'mean_reverting'}
Emission means:
[[ 0.13580041  0.03156664  0.44944405 -0.13427813]
 [ 0.01750456  0.1006351   0.79073378 -0.29912452]
 [ 0.01266215  0.03129583  0.30540681 -0.15732323]]
[RiskManager] Veto at session 22: high_volatility = 0.3189
[RiskManager] Veto at session 26: high_volatility = 0.3877
[RiskManager] Veto at session 30: high_volatility = 0.3320
[RiskManager] Veto at session 34: high_volatility = 0.3552
[RiskManager] Veto at session 40: high_volatility = 0.1856
[RiskManager] Veto at session 44: high_volatility = 0.1813
[RiskManager] Veto at session 57: high_volatility = 0.2640
[RiskManager] Veto at session 61: high_volatility = 0.3189
[RiskManager] Veto at session 65: high_volatility = 0.3352
[RiskManager] Veto at session 69: high_volatility = 0.1519
[RiskManager] Veto at session 74: high_volatility = 0.1601
[RiskManager] Veto at session 79: high_volatility = 0.1840
[RiskManager] Veto at session 88: high_volatility = 0.1530
[RiskManager] Veto at session 92: high_volatility = 0.3263
[RiskManager] Veto at session 96: high_volatility = 0.3209
HMM state mapping: {0: 'volatile', 2: 'trending', 1: 'mean_reverting'}
Emission means:
[[ 0.00729165  0.1078401   0.81745171 -0.3160816 ]
 [ 0.00799147  0.03388963  0.31369472 -0.15193412]
 [ 0.14021579  0.03179928  0.40708585 -0.13700008]]
[RiskManager] Veto at session 22: high_volatility = 0.3124
[RiskManager] Veto at session 35: high_volatility = 0.1501
[RiskManager] Veto at session 39: high_volatility = 0.1691
[RiskManager] Veto at session 43: high_volatility = 0.3466
[RiskManager] Veto at session 47: high_volatility = 0.3375
[RiskManager] Veto at session 51: high_volatility = 0.3367
[RiskManager] Veto at session 65: high_volatility = 0.2531
[RiskManager] Veto at session 69: high_volatility = 0.3013
[RiskManager] Veto at session 73: high_volatility = 0.3108
[RiskManager] Veto at session 77: high_volatility = 0.2566
[RiskManager] Veto at session 81: high_volatility = 0.1554
[RiskManager] Veto at session 85: high_volatility = 0.1839
[RiskManager] Veto at session 98: high_volatility = 0.3086
HMM state mapping: {1: 'volatile', 0: 'trending', 2: 'mean_reverting'}
Emission means:
[[ 0.14009981  0.03125926  0.42004922 -0.15306727]
 [ 0.0059212   0.10558564  0.82483972 -0.29895021]
 [ 0.00762575  0.0309971   0.313052   -0.17440064]]
[RiskManager] Veto at session 22: high_volatility = 0.3521
[RiskManager] Veto at session 28: high_volatility = 0.1606
[RiskManager] Veto at session 32: high_volatility = 0.1572
[RiskManager] Veto at session 36: high_volatility = 0.3452
[RiskManager] Veto at session 40: high_volatility = 0.3790
[RiskManager] Veto at session 55: high_volatility = 0.1756
[RiskManager] Veto at session 59: high_volatility = 0.3591
[RiskManager] Veto at session 63: high_volatility = 0.3875
[RiskManager] Veto at session 67: high_volatility = 0.3149
HMM state mapping: {2: 'volatile', 0: 'trending', 1: 'mean_reverting'}
Emission means:
[[ 0.05246263  0.03295186  0.35380831 -0.1471472 ]
 [ 0.00735344  0.10736541  0.82063269 -0.32403593]
 [ 0.11693478  0.11429664  1.47972142 -0.41435148]]
[MetaLearner] Retrained at session 55 (error_rate=0.27)
[RiskManager] Veto at session 79: high_volatility = 0.1562
HMM state mapping: {2: 'volatile', 0: 'trending', 1: 'mean_reverting'}
Emission means:
[[ 0.04368541  0.03208094  0.33744135 -0.13594456]
 [-0.01124714  0.0889103   3.66667564  0.01137003]
 [ 0.02083504  0.10853108  0.88126533 -0.33206847]]
[MetaLearner] Retrained at session 65 (error_rate=0.80)
[RiskManager] Veto at session 87: high_volatility = 0.1715
[RiskManager] Veto at session 95: high_volatility = 0.1736
HMM state mapping: {2: 'volatile', 0: 'trending', 1: 'mean_reverting'}
Emission means:
[[ 0.03640706  0.03192478  0.3306051  -0.13006327]
 [-0.01124714  0.0889103   3.66667564  0.01137003]
 [ 0.00451228  0.10919372  0.88557854 -0.33896404]]
[MetaLearner] Retrained at session 75 (error_rate=0.53)
HMM state mapping: {1: 'volatile', 0: 'trending', 2: 'mean_reverting'}
Emission means:
[[ 0.14303865  0.03249054  0.44104406 -0.09297113]
 [-0.02138746  0.10147134  0.80891682 -0.27830699]
 [ 0.01604458  0.03219306  0.29602268 -0.22626991]]
[RiskManager] Veto at session 24: high_volatility = 0.1609
[RiskManager] Veto at session 28: high_volatility = 0.1606
[RiskManager] Veto at session 35: high_volatility = 0.3338
[RiskManager] Veto at session 45: high_volatility = 0.1560
[RiskManager] Veto at session 54: high_volatility = 0.1693
[RiskManager] Veto at session 60: high_volatility = 0.3238
HMM state mapping: {0: 'volatile', 1: 'trending', 2: 'mean_reverting'}
Emission means:
[[-0.00194848  0.10086015  0.78981684 -0.29229209]
 [ 0.13381049  0.03067367  0.42289677 -0.109073  ]
 [ 0.03758496  0.031207    0.30588111 -0.23535046]]
[MetaLearner] Retrained at session 41 (error_rate=0.40)
[RiskManager] Veto at session 66: high_volatility = 0.2804
[RiskManager] Veto at session 76: high_volatility = 0.1601
[RiskManager] Veto at session 89: high_volatility = 0.1511
HMM state mapping: {1: 'volatile', 0: 'trending', 2: 'mean_reverting'}
Emission means:
[[ 0.102603    0.030135    0.37522857 -0.16226836]
 [ 0.0779767   0.15357237  1.78829213 -0.42579891]
 [ 0.01054237  0.10049128  0.78837683 -0.30638689]]
[MetaLearner] Retrained at session 77 (error_rate=0.40)
[RiskManager] Veto at session 98: high_volatility = 0.1536
HMM state mapping: {0: 'volatile', 2: 'trending', 1: 'mean_reverting'}
Emission means:
[[-0.01775643  0.10479735  0.83661864 -0.32059485]
 [ 0.01642922  0.0325053   0.32219779 -0.17263627]
 [ 0.13052308  0.03465497  0.43318733 -0.17696598]]
[RiskManager] Veto at session 26: high_volatility = 0.2188
[RiskManager] Veto at session 31: high_volatility = 0.1612
[RiskManager] Veto at session 35: high_volatility = 0.2909
[RiskManager] Veto at session 46: high_volatility = 0.1767
[RiskManager] Veto at session 50: high_volatility = 0.3165
[RiskManager] Veto at session 55: high_volatility = 0.3154
HMM state mapping: {1: 'volatile', 2: 'trending', 0: 'mean_reverting'}
Emission means:
[[ 0.01535122  0.03155121  0.31702567 -0.16271917]
 [-0.02195626  0.10352611  0.80833685 -0.33096209]
 [ 0.13269471  0.03085722  0.40826598 -0.16558564]]
[MetaLearner] Retrained at session 35 (error_rate=0.67)
[RiskManager] Veto at session 63: high_volatility = 0.3872
[RiskManager] Veto at session 67: high_volatility = 0.3161
[RiskManager] Veto at session 71: high_volatility = 0.2998
[RiskManager] Veto at session 79: high_volatility = 0.1591
[RiskManager] Veto at session 94: high_volatility = 0.1575
HMM state mapping: {0: 'volatile', 2: 'trending', 1: 'mean_reverting'}
Emission means:
[[ 0.00753708  0.09285946  0.76272646 -0.29657376]
 [ 0.00508562  0.03381291  0.30808288 -0.13962936]
 [ 0.14469261  0.03152672  0.42723568 -0.22378347]]
[RiskManager] Veto at session 23: high_volatility = 0.1538
[RiskManager] Veto at session 27: high_volatility = 0.1538
[RiskManager] Veto at session 31: high_volatility = 0.2927
[RiskManager] Veto at session 35: high_volatility = 0.3176
[RiskManager] Veto at session 43: high_volatility = 0.1535
[RiskManager] Veto at session 49: high_volatility = 0.3024
[RiskManager] Veto at session 57: high_volatility = 0.1591
[RiskManager] Veto at session 61: high_volatility = 0.3392
[RiskManager] Veto at session 65: high_volatility = 0.3530
[RiskManager] Veto at session 69: high_volatility = 0.3189
[RiskManager] Veto at session 74: high_volatility = 0.1812
[RiskManager] Veto at session 84: high_volatility = 0.1508
[RiskManager] Veto at session 88: high_volatility = 0.3557
[RiskManager] Veto at session 92: high_volatility = 0.3380
HMM state mapping: {1: 'volatile', 2: 'trending', 0: 'mean_reverting'}
Emission means:
[[ 0.0061098   0.03128178  0.31105805 -0.1768763 ]
 [ 0.0136533   0.10217204  0.82655151 -0.25196673]
 [ 0.1464289   0.03233992  0.40099839 -0.2048988 ]]
[RiskManager] Veto at session 23: high_volatility = 0.2925
[RiskManager] Veto at session 27: high_volatility = 0.3907
[RiskManager] Veto at session 33: high_volatility = 0.3025
[RiskManager] Veto at session 39: high_volatility = 0.3158
[RiskManager] Veto at session 43: high_volatility = 0.3234
[RiskManager] Veto at session 47: high_volatility = 0.3943
[RiskManager] Veto at session 51: high_volatility = 0.3273
[RiskManager] Veto at session 57: high_volatility = 0.1600
[RiskManager] Veto at session 61: high_volatility = 0.1656
[RiskManager] Veto at session 65: high_volatility = 0.4117
[RiskManager] Veto at session 69: high_volatility = 0.3520
[RiskManager] Veto at session 75: high_volatility = 0.2822
[RiskManager] Veto at session 79: high_volatility = 0.3458
[RiskManager] Veto at session 83: high_volatility = 0.3980
[RiskManager] Veto at session 87: high_volatility = 0.3359
HMM state mapping: {1: 'volatile', 0: 'trending', 2: 'mean_reverting'}
Emission means:
[[ 0.14508158  0.0317849   0.44652427 -0.14978235]
 [ 0.00401505  0.11097829  0.87495274 -0.31358497]
 [ 0.00845147  0.03215104  0.32151822 -0.12762276]]
[RiskManager] Veto at session 23: high_volatility = 0.3118
[RiskManager] Veto at session 27: high_volatility = 0.3010
[RiskManager] Veto at session 31: high_volatility = 0.2934
[RiskManager] Veto at session 53: high_volatility = 0.1684
[RiskManager] Veto at session 60: high_volatility = 0.2922
HMM state mapping: {1: 'volatile', 0: 'trending', 2: 'mean_reverting'}
Emission means:
[[ 0.06617318  0.03049847  0.35695487 -0.13801011]
 [-0.00434979  0.2932802   2.82400568 -0.48205372]
 [ 0.00401508  0.11097828  0.87495268 -0.31358496]]
[MetaLearner] Retrained at session 43 (error_rate=0.27)
[RiskManager] Veto at session 64: high_volatility = 0.2933
[RiskManager] Veto at session 70: high_volatility = 0.1643
HMM state mapping: {1: 'volatile', 0: 'trending', 2: 'mean_reverting'}
Emission means:
[[ 0.05600352  0.02990726  0.3426561  -0.12941691]
 [-0.00434979  0.2932802   2.82400568 -0.48205372]
 [ 0.01767869  0.11406305  0.84411367 -0.32064605]]
[MetaLearner] Retrained at session 53 (error_rate=0.67)
[RiskManager] Veto at session 87: high_volatility = 0.1550
HMM state mapping: {1: 'volatile', 0: 'trending', 2: 'mean_reverting'}
Emission means:
[[ 0.05149161  0.02917689  0.33155398 -0.13105991]
 [-0.00434979  0.2932802   2.82400568 -0.48205372]
 [ 0.01767869  0.11406305  0.84411367 -0.32064605]]
[MetaLearner] Retrained at session 69 (error_rate=0.27)
[RiskManager] Veto at session 96: high_volatility = 0.3665
HMM state mapping: {1: 'volatile', 0: 'trending', 2: 'mean_reverting'}
Emission means:
[[ 0.05291596  0.02901313  0.33075165 -0.13162298]
 [ 0.07389911  0.30433633  2.87259295 -0.58303393]
 [ 0.00837246  0.12374472  0.86656522 -0.30997963]]
[MetaLearner] Retrained at session 79 (error_rate=0.80)
HMM state mapping: {1: 'volatile', 2: 'trending', 0: 'mean_reverting'}
Emission means:
[[ 0.00132852  0.03134031  0.32143516 -0.16257331]
 [ 0.00137379  0.1026436   0.82281212 -0.2839899 ]
 [ 0.13957135  0.03263463  0.41333764 -0.10256713]]
[RiskManager] Veto at session 22: high_volatility = 0.3252
[RiskManager] Veto at session 26: high_volatility = 0.3882
[RiskManager] Veto at session 30: high_volatility = 0.3015
HMM state mapping: {2: 'volatile', 0: 'trending', 1: 'mean_reverting'}
Emission means:
[[ 6.53062492e-02  3.15227698e-02  3.55568607e-01 -1.27731606e-01]
 [ 1.37370281e-03  1.02643640e-01  8.22812358e-01 -2.83989899e-01]
 [ 1.07076325e-01  1.16124431e-01  2.27349550e+00 -4.54453685e-01]]
[MetaLearner] Retrained at session 23 (error_rate=0.27)
[RiskManager] Veto at session 46: high_volatility = 0.2997
[RiskManager] Veto at session 51: high_volatility = 0.1502
HMM state mapping: {1: 'volatile', 0: 'trending', 2: 'mean_reverting'}
Emission means:
[[ 6.04484375e-02  3.10099164e-02  3.45100278e-01 -1.33405991e-01]
 [ 1.07076325e-01  1.16124431e-01  2.27349550e+00 -4.54453685e-01]
 [ 1.37378764e-03  1.02643618e-01  8.22812250e-01 -2.83989878e-01]]
[MetaLearner] Retrained at session 33 (error_rate=0.67)
HMM state mapping: {1: 'volatile', 0: 'trending', 2: 'mean_reverting'}
Emission means:
[[ 5.83522878e-02  3.18515223e-02  3.49247233e-01 -1.37379936e-01]
 [ 1.07076325e-01  1.16124431e-01  2.27349550e+00 -4.54453685e-01]
 [ 1.36673873e-03  1.02594005e-01  8.22431280e-01 -2.83960898e-01]]
[MetaLearner] Retrained at session 43 (error_rate=0.27)
[RiskManager] Veto at session 66: high_volatility = 0.2729
[RiskManager] Veto at session 70: high_volatility = 0.2947
HMM state mapping: {1: 'volatile', 0: 'trending', 2: 'mean_reverting'}
Emission means:
[[ 0.04992002  0.03122032  0.33755064 -0.13255622]
 [ 0.10707632  0.11612443  2.2734955  -0.45445368]
 [ 0.00446336  0.0996666   0.78670265 -0.28815418]]
[MetaLearner] Retrained at session 53 (error_rate=0.60)
[RiskManager] Veto at session 78: high_volatility = 0.3131
HMM state mapping: {1: 'volatile', 0: 'trending', 2: 'mean_reverting'}
Emission means:
[[ 0.04436151  0.03170289  0.33579588 -0.14492805]
 [ 0.10707632  0.11612443  2.2734955  -0.45445368]
 [ 0.0122629   0.09609471  0.78132733 -0.27176901]]
[MetaLearner] Retrained at session 63 (error_rate=0.87)
[RiskManager] Veto at session 85: high_volatility = 0.3662
[RiskManager] Veto at session 89: high_volatility = 0.3629
HMM state mapping: {2: 'volatile', 1: 'trending', 0: 'mean_reverting'}
Emission means:
[[ 2.10999514e-03  1.02237366e-01  8.30464680e-01 -3.08503575e-01]
 [ 4.78804826e-02  3.17915881e-02  3.37339888e-01 -1.42336726e-01]
 [ 1.07076325e-01  1.16124431e-01  2.27349550e+00 -4.54453685e-01]]
[MetaLearner] Retrained at session 73 (error_rate=0.60)
HMM state mapping: {1: 'volatile', 0: 'trending', 2: 'mean_reverting'}
Emission means:
[[ 1.38328189e-01  3.08156396e-02  4.07346080e-01 -1.73260226e-01]
 [ 4.45532096e-04  1.04055388e-01  8.10119356e-01 -3.26296920e-01]
 [-6.18454395e-03  3.24727310e-02  2.95668658e-01 -1.45069464e-01]]
[RiskManager] Veto at session 22: high_volatility = 0.3189
[RiskManager] Veto at session 26: high_volatility = 0.3877
[RiskManager] Veto at session 34: high_volatility = 0.1563
[RiskManager] Veto at session 38: high_volatility = 0.1805
[RiskManager] Veto at session 42: high_volatility = 0.3456
[RiskManager] Veto at session 46: high_volatility = 0.3287
[RiskManager] Veto at session 58: high_volatility = 0.2426
[RiskManager] Veto at session 62: high_volatility = 0.3376
[RiskManager] Veto at session 69: high_volatility = 0.1636
[RiskManager] Veto at session 74: high_volatility = 0.1771
[RiskManager] Veto at session 91: high_volatility = 0.2849
[RiskManager] Veto at session 95: high_volatility = 0.2901
[RiskManager] Veto at session 99: high_volatility = 0.3049
HMM state mapping: {1: 'volatile', 2: 'trending', 0: 'mean_reverting'}
Emission means:
[[ 0.00088984  0.03135047  0.30397424 -0.14820239]
 [ 0.01314651  0.0995212   0.80205801 -0.30291744]
 [ 0.13544894  0.03062359  0.41719452 -0.10271234]]
[RiskManager] Veto at session 35: high_volatility = 0.2456
[RiskManager] Veto at session 39: high_volatility = 0.3424
[RiskManager] Veto at session 51: high_volatility = 0.1600
[RiskManager] Veto at session 55: high_volatility = 0.3259
[RiskManager] Veto at session 59: high_volatility = 0.3285
[RiskManager] Veto at session 63: high_volatility = 0.3284
[RiskManager] Veto at session 67: high_volatility = 0.2679
HMM state mapping: {1: 'volatile', 0: 'trending', 2: 'mean_reverting'}
Emission means:
[[ 0.04133777  0.02910315  0.32115573 -0.12292189]
 [ 0.12006981  0.14014097  1.4292724  -0.44951643]
 [ 0.01412245  0.10089359  0.80488504 -0.30265063]]
[MetaLearner] Retrained at session 58 (error_rate=0.40)
[RiskManager] Veto at session 82: high_volatility = 0.2441
HMM state mapping: {2: 'volatile', 0: 'trending', 1: 'mean_reverting'}
Emission means:
[[ 0.0447746   0.02901514  0.32059259 -0.13918931]
 [ 0.0025309   0.09411377  0.77661318 -0.28761331]
 [ 0.12006981  0.14014097  1.42927238 -0.44951643]]
[MetaLearner] Retrained at session 68 (error_rate=0.60)
[RiskManager] Veto at session 90: high_volatility = 0.3227
[RiskManager] Veto at session 94: high_volatility = 0.3297
[RiskManager] Veto at session 98: high_volatility = 0.2866
HMM state mapping: {1: 'volatile', 2: 'trending', 0: 'mean_reverting'}
Emission means:
[[-0.00738125  0.09026042  0.71326177 -0.26943129]
 [ 0.12006965  0.14014092  1.42927161 -0.44951631]
 [ 0.04085344  0.02849598  0.31336132 -0.13288215]]
[MetaLearner] Retrained at session 78 (error_rate=0.53)
error: [Errno 2] No such file or directory: 'coord_0003_tape.csv'
  20/200  elapsed 57s  remaining ~516s  rate 0.35/s
  40/200  elapsed 114s  remaining ~455s  rate 0.35/s
  60/200  elapsed 170s  remaining ~397s  rate 0.35/s
  80/200  elapsed 226s  remaining ~338s  rate 0.35/s
  100/200  elapsed 281s  remaining ~281s  rate 0.36/s
  120/200  elapsed 336s  remaining ~224s  rate 0.36/s
  140/200  elapsed 390s  remaining ~167s  rate 0.36/s
  160/200  elapsed 444s  remaining ~111s  rate 0.36/s
  180/200  elapsed 497s  remaining ~55s  rate 0.36/s
  200/200  elapsed 551s  remaining ~0s  rate 0.36/s

    thr     acc     lag     pnl   retrains
  ----------------------------------------
    0.2  61.2%   1.636    2093       4.76
   0.35  66.0%   1.713    2028       2.94
    0.5  74.0%   1.534    2042       1.30
    0.6  74.5%   1.541    2049       0.68
